Record ID Number,longitude,latitude,State_FIPS,County_FIPS,Tract_Code,Block_Code
1,-81.1476,32.4976,45,53,950100,4087
2,-81.0167,33.3603,45,75,11704,1072
3,-81.8378,34.8792,45,83,23901,1051
4,-79.6706,34.2472,45,41,400,2012
5,-81.8389,34.4902,45,59,920600,3025
6,-81.7773,35.0783,45,21,970102,2016
7,-82.6884,35.0169,45,77,10100,2021
8,-81.8334,34.4857,45,59,920600,3107
9,-81.1431,32.4939,45,53,950100,4009
10,-81.8392,34.7059,45,83,23806,1062
11,-80.5136,33.5524,45,17,950400,2002
12,-81.5726,35.0412,45,21,970503,1017
13,-80.9678,34.1036,45,79,11421,1019
14,-80.9885,34.0918,45,79,10806,1002
15,-81.8301,33.6926,45,37,970400,3006
16,-81.4811,33.5504,45,3,21901,2010
17,-81.321,32.5963,45,49,920500,1097
18,-81.34,35.122,45,91,61701,3015
19,-83.1022,34.8647,45,73,30100,1040
20,-81.1841,34.7979,45,23,20400,2022
21,-81.2626,34.6566,45,23,20601,1026
22,-80.7539,34.7016,45,57,10700,3038
23,-79.8935,34.6428,45,25,950602,2030
24,-80.482,33.5136,45,75,10305,1003
25,-81.7088,34.812,45,87,30800,3040
26,-80.9944,34.7303,45,23,20700,2012
27,-82.3906,34.9361,45,45,2701,1049
28,-82.6394,35.081,45,45,4102,2022
29,-82.3932,34.9528,45,45,2701,1043
30,-81.0165,34.7454,45,23,20700,2001
31,-79.8479,33.1029,45,15,20401,2111
32,-81.247,34.678,45,23,20601,1018
33,-81.68,34.8577,45,87,30800,1035
34,-81.3051,33.3304,45,11,970200,4016
35,-81.9055,33.5624,45,3,20601,2007
36,-81.3054,33.3363,45,11,970200,4009
37,-83.1094,34.8605,45,73,30100,1051
38,-80.6698,34.6185,45,57,10300,2038
39,-82.5686,35.0642,45,45,4102,1029
40,-81.3691,33.2462,45,11,970300,3006
41,-80.5485,33.8037,45,85,1801,2049
42,-81.5062,34.7733,45,87,30900,2050
43,-80.888,34.2018,45,79,10104,1014
44,-79.9177,34.6365,45,25,950602,2030
45,-79.912,33.076,45,15,20401,2182
46,-82.6972,35.0265,45,77,10100,2023
47,-81.2569,34.6591,45,23,20601,1029
48,-80.2483,32.5536,45,19,2300,1056
49,-81.315,32.6004,45,49,920500,1124
50,-82.3665,34.5239,45,45,3202,2030
51,-82.3666,34.9287,45,45,2701,1051
52,-81.8332,34.865,45,83,23901,1051
53,-81.4272,33.4927,45,3,21901,2023
54,-82.5787,35.0851,45,45,4102,2010
55,-79.6817,34.6311,45,69,960302,2092
56,-82.8016,35.0247,45,77,10100,1039
57,-80.5234,34.2839,45,55,970603,1008
58,-80.4249,34.5035,45,55,970200,1104
59,-81.3443,35.1482,45,91,61701,3031
60,-80.2892,33.1809,45,15,20102,2016
61,-80.8085,34.8443,45,57,11211,1031
62,-80.4882,33.5169,45,75,10305,1009
63,-81.1641,32.8361,45,49,920402,1070
64,-81.8095,33.7462,45,37,970400,2037
65,-80.906,34.0829,45,79,11412,1001
66,-81.5609,34.7713,45,87,30401,2000
67,-80.86981341,32.36480087,45,53,950201,2000
68,-80.6081,34.5522,45,57,10202,1010
69,-80.12964185,34.69975027,45,25,950402,3043
70,-81.16698828,34.13431725,45,79,10308,2010
71,-82.7327,34.9915,45,77,10401,1007
72,-81.1607,34.3424,45,39,960501,1038
73,-82.4999,34.6253,45,7,10404,1003
74,-81.16797197,34.1342742,45,79,10308,2010
75,-82.7065,34.9929,45,77,10401,1004
76,-82.4609,34.5405,45,7,11402,1007
77,-81.03228326,34.99184391,45,91,60913,4006
78,-82.5376,34.7674,45,7,10107,1002
79,-81.1435,34.3901,45,39,960200,3034
80,-82.9978,34.5288,45,73,30903,2036
81,-82.6908,34.8406,45,77,11001,1017
82,-82.6404,34.709,45,7,10601,1029
83,-81.0545,34.0043,45,79,1600,1057
84,-82.9684,34.5711,45,73,30903,1023
85,-82.1738,34.625,45,59,920104,3040
86,-81.7286,35.0891,45,21,970201,3023
87,-81.2168,34.961,45,91,61505,2000
88,-83.0934,34.6927,45,73,31100,1009
89,-81.03377642,34.99188408,45,91,60913,4004
90,-82.044,34.5396,45,59,920504,3004
91,-82.7217,34.8628,45,77,10404,1030
92,-81.9078,34.5467,45,59,920501,1066
93,-82.5586,34.7782,45,7,10107,2011
94,-82.3407,34.6928,45,45,3304,2023
95,-82.3396,34.6693,45,45,3304,1020
96,-82.0542,34.5155,45,59,920301,1003
97,-82.0718,34.514,45,59,920301,3020
98,-82.7032,34.9599,45,77,10401,1013
99,-81.0628,34.4803,45,39,960200,1098
100,-82.37805167,35.12781585,45,45,2404,3013
101,-82.0403,34.5331,45,59,920504,3001
102,-82.7003,34.9378,45,77,10401,1025
103,-81.6869,35.0638,45,21,970201,3085
104,-81.1747,34.667,45,23,20601,3005
105,-81.9023,33.7735,45,37,970203,2059
106,-81.184,34.9347,45,91,61505,1025
107,-82.0129,34.5144,45,59,920504,3031
108,-80.6958,34.7795,45,57,11002,2028
109,-82.01,34.5942,45,59,920501,1039
110,-81.1446,34.3741,45,39,960501,1011
111,-81.8996,34.5379,45,59,920600,1023
112,-82.5737,34.7339,45,7,10108,1034
113,-81.1525,34.6631,45,23,20602,2070
114,-82.095,34.9915,45,83,22806,3026
115,-81.9618,34.5871,45,59,920501,1059
116,-82.3474,34.7053,45,45,3304,2020
117,-82.3793,35.0684,45,45,4003,2018
118,-82.5222,34.7851,45,7,10103,3020
119,-81.736,35.0913,45,21,970201,3028
120,-80.91676644,34.06235276,45,79,11305,1009
121,-82.0703,34.6363,45,59,920102,1038
122,-82.2945,34.995,45,45,2405,3007
123,-81.7294,35.012,45,21,970700,3014
124,-82.3521,34.6344,45,45,3204,1018
125,-83.1046,34.7232,45,73,30500,1014
126,-82.376,35.0452,45,45,4001,2027
127,-82.067,34.5107,45,59,920301,3020
128,-82.3596,34.6501,45,45,3203,2025
129,-81.91164546,34.87932601,45,83,23804,1012
130,-80.7144,34.737,45,57,11002,1028
131,-82.0558,34.6536,45,59,920102,1026
132,-82.1433,34.4772,45,59,920201,2016
133,-82.0167,34.5306,45,59,920504,1032
134,-82.5856,34.8685,45,77,10603,1009
135,-80.4412,34.7797,45,25,950101,3008
136,-82.4674,34.5361,45,7,11402,1039
137,-82.7356,34.9083,45,77,10405,2021
138,-82.0433,34.6071,45,59,920102,1049
139,-82.4567,34.5141,45,7,11402,3028
140,-80.9522,34.8057,45,23,20800,1006
141,-82.0593,34.5155,45,59,920301,3002
142,-81.7216,34.9785,45,21,970700,2001
143,-81.1134,34.5161,45,39,960200,1021
144,-82.9744,34.5534,45,73,30903,2000
145,-82.0665,34.5629,45,59,920504,1005
146,-81.8634,34.5431,45,59,920600,1014
147,-82.3406,35.0733,45,45,2403,1002
148,-82.7267,34.679,45,7,10602,3028
149,-82.2294,34.6173,45,45,3104,1023
150,-81.0759,34.5062,45,39,960200,1014
151,-83.082,34.7254,45,73,30500,1010
152,-82.5213,34.7374,45,7,10106,2002
153,-80.669,34.7712,45,57,11002,2035
154,-82.9238,34.5685,45,73,30903,1030
155,-80.6886,34.682,45,57,11001,4024
156,-81.8812,34.5081,45,59,920600,1051
157,-82.0421,34.5491,45,59,920504,1004
158,-82.0765,34.5629,45,59,920504,1005
159,-82.6305,34.8701,45,77,10700,1016
160,-82.773,34.8861,45,77,10202,1002
161,-81.1432,34.9296,45,91,61403,3019
162,-82.5773,34.7437,45,7,10108,1019
163,-82.4241,34.4826,45,7,11502,2012
164,-82.04,34.5511,45,59,920504,1003
165,-83.0169,34.701,45,73,30500,3043
166,-81.1348,34.0375,45,63,20510,1013
167,-82.0048,34.5019,45,59,920302,3016
168,-80.8028,32.4744,45,13,200,1028
169,-80.6678,32.4718,45,13,901,1045
170,-81.0756,34.0776,45,79,10501,1039
171,-82.0441,34.257,45,47,970602,3001
172,-80.8082,33.5655,45,75,10803,1010
173,-81.9936,35.112,45,83,22408,1038
174,-82.2708,34.8495,45,45,2820,1001
175,-80.6916,33.9324,45,79,12000,2008
176,-81.8458,34.9372,45,83,22101,1007
177,-82.1794,35.1246,45,83,22500,3057
178,-82.3109,35.0333,45,45,2403,1036
179,-81.0704,34.0219,45,79,10403,2003
180,-81.7972,34.8808,45,83,23901,1040
181,-82.334,34.9607,45,45,2611,1007
182,-81.766,33.7388,45,37,970300,2067
183,-81.4289,33.3089,45,11,970102,1088
184,-82.1684,34.2133,45,47,970301,3000
185,-81.7165,34.328,45,71,950700,2000
186,-81.7704,34.9587,45,83,22202,2033
187,-81.8922,34.7321,45,83,23700,1057
188,-81.0576,33.7171,45,63,20801,1044
189,-81.6761,34.1768,45,71,950700,3092
190,-82.2183,34.1433,45,47,970802,2020
191,-81.8108,33.7602,45,37,970300,2073
192,-80.0498,34.1776,45,31,11600,3005
193,-82.0563,34.5422,45,59,920504,3001
194,-80.9406,33.7694,45,17,950100,3044
195,-81.9993,34.6715,45,83,23700,3021
196,-81.0828,34.2525,45,39,960501,2021
197,-81.2534,34.9994,45,91,61601,1040
198,-80.7991,33.2039,45,75,11701,1058
199,-80.877,34.844,45,91,61203,2007
200,-82.5131,35.0991,45,45,4004,1033
201,-80.9257,35.0613,45,91,61007,2019
202,-80.8949,33.6267,45,17,950100,2057
203,-81.5708,33.7573,45,3,20100,5091
204,-81.8938,33.6235,45,3,20500,2000
205,-81.1219,33.8501,45,63,20807,1009
206,-80.6449,34.2146,45,55,970403,1021
207,-80.9182,34.1749,45,79,10107,2017
208,-79.6594,34.4774,45,69,960600,2055
209,-79.5757,34.5694,45,69,960500,2029
210,-81.8397,33.7635,45,37,970300,2080
211,-80.9442,35.0607,45,91,61008,1016
212,-80.0796,33.0549,45,15,20707,1082
213,-81.0198,34.8611,45,91,61302,2017
214,-80.884,34.8416,45,91,61203,2007
215,-80.6377,34.7814,45,57,11002,2022
216,-79.7581,34.6754,45,69,960302,2023
217,-79.8363,34.5279,45,31,10100,4000
218,-81.5494,35.1077,45,21,970401,1079
219,-82.4642,34.7574,45,7,10200,1010
220,-81.4696,33.8034,45,63,21403,2038
221,-81.4616,33.8237,45,63,21403,2028
222,-82.7276,34.5723,45,7,10602,1025
223,-81.7477,34.2609,45,71,950700,2025
224,-83.0153,34.9144,45,73,30201,1038
225,-81.1998,32.6333,45,49,920500,2069
226,-80.9237,32.3729,45,53,950201,3082
227,-82.5976,34.944,45,77,10501,2039
228,-80.8958,34.8311,45,91,61203,2015
229,-81.8031,33.8236,45,37,970300,3033
230,-82.2512,35.1766,45,45,2404,3040
231,-81.7781,33.463,45,3,22003,3014
232,-82.11,34.9069,45,83,23101,3043
233,-82.3481,34.4295,45,1,950100,1028
234,-82.4605,35.1309,45,45,4004,1018
235,-82.0352,34.2566,45,47,970602,3001
236,-80.3946,34.7877,45,25,950102,2018
237,-81.8529,34.5518,45,59,920600,1014
238,-81.9363,35.0304,45,83,21402,1000
239,-81.379,33.4213,45,11,970101,1000
240,-81.992,33.7589,45,37,970204,1016
241,-82.0242,34.6262,45,59,920501,1034
242,-79.8928,34.5952,45,25,950601,2006
243,-82.3247,34.766,45,45,2904,2013
244,-81.6508,35.0353,45,21,970601,4018
245,-82.0495,35.0084,45,83,22806,2019
246,-80.9413,33.9538,45,79,11607,2023
247,-81.5996,33.9108,45,81,960301,3022
248,-80.9941,32.5265,45,53,950100,1092
249,-81.5595,34.1063,45,71,950604,2001
250,-81.8014,33.7848,45,37,970300,2039
251,-80.5185,33.8657,45,85,1801,1041
252,-80.4497,33.9595,45,85,1803,3015
253,-81.3498,32.8136,45,5,970500,4063
254,-80.9678,33.7205,45,17,950100,2001
255,-80.8885,34.1605,45,79,11423,2023
256,-80.7046,33.0023,45,29,970401,2038
257,-81.2926,32.9679,45,5,970500,4005
258,-81.3149,34.0244,45,63,21021,1009
259,-81.6734,34.3154,45,71,950300,3039
260,-81.6186,33.8625,45,81,960400,2061
261,-82.1599,34.9835,45,83,23004,1013
262,-81.7777,34.9158,45,83,23902,1007
263,-81.1591,34.736,45,23,20602,1029
264,-81.9814,33.6719,45,37,970502,1010
265,-81.9879,33.6966,45,37,970502,1004
266,-81.5412,33.836,45,3,20100,3031
267,-81.2903,33.5771,45,3,21800,1006
268,-81.073,33.4009,45,75,11801,1066
269,-81.2866,35.0387,45,91,61503,1007
270,-82.5507,35.0301,45,45,4102,1034
271,-82.4424,34.6426,45,45,3301,1013
272,-82.8674,34.921,45,77,10201,2000
273,-80.7728,32.8472,45,29,970301,1032
274,-79.9849,34.5949,45,25,950602,2057
275,-80.9544,33.55,45,75,12000,4063
276,-81.7513,33.5075,45,3,21201,1034
277,-81.2462,35.0331,45,91,61503,1012
278,-83.0491,34.7716,45,73,30404,3022
279,-82.0394,35.0803,45,83,22804,3003
280,-83.1501,34.8702,45,73,30100,2025
281,-81.7611,33.5947,45,3,20304,1018
282,-80.6055,34.3159,45,55,970604,2103
283,-81.0589,32.9931,45,49,920100,1000
284,-80.565,34.1964,45,55,970700,1015
285,-78.9965,33.9816,45,51,70701,1000
286,-78.7838,33.7772,45,51,50200,1005
287,-80.5945,33.5809,45,17,950400,2011
288,-83.2906,34.7058,45,73,30100,4040
289,-80.3166,34.6617,45,25,950200,1030
290,-82,35.0499,45,83,22405,2010
291,-82.6089,35.034,45,77,10100,3027
292,-82.2681,34.6741,45,45,3016,1021
293,-83.0998,34.7639,45,73,30100,3027
294,-82.4781,34.6603,45,7,10300,2004
295,-80.676,33.5415,45,17,950400,3031
296,-82.4759,35.0976,45,45,4004,1044
297,-80.9238,33.5248,45,75,10902,4018
298,-82.7786,34.8459,45,77,10301,1014
299,-81.7617,34.6695,45,87,30700,2023
300,-80.0245,34.5386,45,25,950701,2005
301,-82.3385,35.0553,45,45,2403,1013
302,-80.61,33.5849,45,17,950400,2012
303,-81.8632,35.0527,45,83,22306,3004
304,-81.2218,33.3118,45,11,970200,3030
305,-81.3592,33.2034,45,11,970500,1012
306,-82.0454,34.328,45,59,921001,2001
307,-81.5743,34.6883,45,87,30500,1022
308,-79.1514,34.3552,45,33,970500,4016
309,-80.3419,33.8406,45,85,1902,2037
310,-81.8419,34.6418,45,83,23700,1079
311,-81.505,34.1122,45,71,950604,4023
312,-81.8427,33.73,45,37,970400,2027
313,-81.5289,33.8943,45,63,21402,1041
314,-80.3877,34.5067,45,55,970100,1005
315,-81.8676,33.6811,45,37,970400,3016
316,-80.7671,34.4674,45,55,970300,2000
317,-81.3277,33.0324,45,5,970202,1131
318,-81.6153,34.3227,45,71,950502,1006
319,-81.4681,35.1535,45,21,970401,2043
320,-80.5571,34.2573,45,55,970601,1011
321,-82.5984,34.8663,45,77,10603,1009
322,-81.7032,33.5254,45,3,21604,1000
323,-81.8085,33.438,45,3,20903,2019
324,-80.7791,33.6496,45,17,950201,1049
325,-81.2061,33.4919,45,75,11803,1016
326,-81.9628,34.4077,45,59,920302,2037
327,-81.8593,33.4935,45,3,21001,2021
328,-81.5322,33.7164,45,3,20100,5041
329,-80.96,35.026,45,91,61011,3055
330,-81.9978,35.11,45,83,22408,1038
331,-80.3039,34.7385,45,25,950300,3015
332,-80.3339,34.5257,45,25,950800,2030
333,-81.9457,33.6209,45,37,970501,1034
334,-82.2993,33.9397,45,65,920200,2027
335,-82.0533,34.4201,45,59,920301,2030
336,-81.4472,33.7365,45,3,20100,1031
337,-80.7399,34.2434,45,55,970401,1007
338,-80.6324,34.3201,45,55,970604,2088
339,-81.7354,34.9413,45,21,970700,2015
340,-81.5605,35,45,21,970602,1010
341,-81.0468,33.8827,45,63,20705,2012
342,-81.2344,33.9241,45,63,21035,1020
343,-80.3491,34.2245,45,61,920201,2038
344,-80.1956,34.0267,45,61,920500,1041
345,-81.5111,33.5824,45,3,21700,1129
346,-81.7615,34.2662,45,71,950700,2010
347,-79.8828,34.7553,45,69,960100,1008
348,-80.943,32.8056,45,49,920202,1014
349,-81.9514,35.1434,45,83,22304,1011
350,-82.2458,34.5416,45,45,3202,1038
351,-82.2836,34.7102,45,45,3017,1008
352,-82.1154,33.6793,45,37,970201,2033
353,-82.7206,34.6293,45,7,10602,3045
354,-81.2802,33.43,45,11,970200,1006
355,-81.006,33.8173,45,17,950100,3027
356,-79.4046,34.4875,45,33,970100,2008
357,-81.9816,33.6279,45,37,970502,1034
358,-82.3735,34.9988,45,45,3902,3004
359,-81.9694,34.934,45,83,20603,2009
360,-81.4962,34.6173,45,87,30600,2008
361,-81.4981,33.16,45,11,970500,3102
362,-81.7611,33.8361,45,37,970300,4011
363,-80.864,32.2921,45,13,2201,1029
364,-80.0866,34.5545,45,25,950701,2019
365,-80.3015,34.7002,45,25,950300,3046
366,-79.4144,33.5962,45,43,920100,2032
367,-81.3164,33.6889,45,3,21700,4023
368,-81.1455,34.1299,45,79,10314,3008
369,-81.5756,33.8553,45,3,20100,3012
370,-81.9976,33.8644,45,37,970201,1062
371,-81.042,33.723,45,63,20801,1044
372,-80.6404,33.6998,45,17,950400,1040
373,-79.7896,34.1699,45,41,1300,1002
374,-81.5883,33.8969,45,81,960301,3047
375,-81.2049,34.6802,45,23,20601,2011
376,-79.4096,34.4948,45,33,970100,2008
377,-81.8473,34.8476,45,83,23804,2022
378,-80.8639,33.5189,45,75,11000,3004
379,-82.3433,34.7178,45,45,3304,2018
380,-82.0846,34.6398,45,59,920102,1043
381,-82.0988,34.4047,45,59,921001,3039
382,-80.4385,34.0914,45,85,401,1003
383,-82.6497,34.9954,45,77,10501,1008
384,-81.7331,33.4929,45,3,21205,3026
385,-82.2506,34.1863,45,1,950500,2002
386,-80.887,34.1027,45,79,11413,4008
387,-81.1034,34.0674,45,79,10408,1007
388,-80.7918,33.7215,45,17,950202,1012
389,-81.0188,33.6992,45,17,950100,2078
390,-81.2291,34.2167,45,39,960502,2038
391,-82.4545,34.5145,45,7,11402,3027
392,-80.8911,33.4288,45,75,11600,2008
393,-80.4403,33.4578,45,75,10302,1005
394,-81.8131,33.4388,45,3,20903,2003
395,-81.734,33.7467,45,3,20200,4009
396,-82.442,35.0585,45,45,4003,1023
397,-82.5546,34.8887,45,77,10603,1000
398,-79.5379,34.1101,45,41,1700,1008
399,-80.7317,33.7264,45,17,950202,2000
400,-81.4826,33.6282,45,3,21700,1084
401,-80.708,33.9856,45,79,12000,1062
402,-81.5824,33.4974,45,3,21901,1024
403,-81.336,33.6799,45,3,21700,4016
404,-81.4268,33.7414,45,3,20100,1031
405,-81.1272,33.9339,45,63,980100,1017
406,-81.3461,33.8553,45,63,21311,1031
407,-80.6047,34.2899,45,55,970500,1011
408,-81.7025,34.2403,45,71,950700,3034
409,-82.8642,34.7349,45,77,11204,1018
410,-80.0412,33.1608,45,15,20505,1007
411,-81.0358,34.8811,45,91,61301,2009
412,-81.0294,34.1572,45,79,10200,2014
413,-82.5887,34.4476,45,7,11902,2039
414,-81.0578,33.8746,45,63,20705,2012
415,-82.0846,35.0033,45,83,22806,3024
416,-81.6111,33.8052,45,3,20100,4015
417,-81.4586,33.8705,45,63,21305,1107
418,-81.7331,33.456,45,3,21205,1040
419,-81.8929,33.5026,45,3,21004,1003
420,-80.9662,33.9976,45,79,2400,2012
421,-82.1503,35.0395,45,83,22702,1003
422,-79.038,34.2234,45,51,10100,1024
423,-80.4977,34.4595,45,55,970200,2046
424,-78.9763,34.003,45,51,20302,2037
425,-80.2826,34.4033,45,25,950800,1066
426,-80.6588,33.51,45,17,950400,3049
427,-81.5206,35.0392,45,21,970503,1030
428,-81.7263,33.7936,45,37,970300,4032
429,-79.5863,33.8133,45,41,1901,2013
430,-81.5041,33.9051,45,63,21404,2054
431,-80.7729,32.6183,45,13,100,2016
432,-80.8433,34.921,45,57,11209,2037
433,-82.3634,35.0732,45,45,4003,2025
434,-82.0918,34.2765,45,47,970201,1022
435,-82.0776,34.0552,45,47,971000,2017
436,-81.7492,33.5101,45,3,21201,1034
437,-81.4984,34.9074,45,21,970700,1025
438,-80.4186,33.8077,45,85,1904,1012
439,-80.969,33.2795,45,9,960202,3004
440,-82.4214,34.907,45,45,3802,2019
441,-81.7638,33.7691,45,37,970300,2050
442,-82.1784,34.9145,45,83,23202,1092
443,-81.7796,33.7139,45,3,20301,1001
444,-81.0403,33.6205,45,75,12000,4052
445,-82.1431,34.7017,45,59,920106,2013
446,-81.117,34.316,45,39,960501,1076
447,-82.662,35.0492,45,77,10100,3022
448,-80.2243,34.1106,45,61,920500,2029
449,-81.1622,34.0772,45,63,21112,2007
450,-80.5708,34.0905,45,85,100,1015
451,-82.3814,34.1996,45,1,950401,1008
452,-80.0708,33.0119,45,15,20721,1003
453,-80.1193,33.8443,45,27,960201,1002
454,-80.0888,33.7116,45,27,960600,1004
455,-80.1814,33.5806,45,27,960702,1012
456,-83.1137,34.8146,45,73,30100,1057
457,-82.039,33.9482,45,37,970203,1020
458,-80.5481,33.4394,45,75,10400,2011
459,-81.4462,33.4527,45,3,21902,1024
460,-80.8766,34.8382,45,91,61203,2007
461,-82.5476,35.0999,45,45,4004,1033
462,-81.8722,33.7783,45,37,970203,2038
463,-80.3223,34.6928,45,25,950200,1012
464,-81.8435,34.6318,45,83,23700,1079
465,-80.6188,33.8125,45,79,12000,3109
466,-81.9494,33.6926,45,37,970501,1001
467,-81.2444,33.6301,45,3,21800,2089
468,-81.5465,33.8723,45,63,21403,1027
469,-81.7406,33.4768,45,3,21205,1031
470,-79.4374,33.5779,45,89,970400,3013
471,-81.0565,33.5317,45,75,11900,4008
472,-79.6288,34.4471,45,69,960600,2050
473,-81.0323,33.4582,45,75,11801,1002
474,-80.9323,33.4731,45,75,11500,4020
475,-81.7897,35.0464,45,21,970102,3030
476,-81.3164,33.9483,45,63,21041,1003
477,-80.6779,32.4772,45,13,901,1047
478,-78.782,33.7802,45,51,50200,1005
479,-81.882,33.5733,45,3,20601,2002
480,-82.2976,34.8428,45,45,2805,1015
481,-81.8132,33.3904,45,3,20901,1001
482,-81.5314,33.5385,45,3,21901,2002
483,-82.971,34.81,45,73,30302,2011
484,-81.21,34.1461,45,79,10313,1013
485,-81.1205,33.8717,45,63,20807,1001
486,-82.1407,35.13,45,83,22500,1083
487,-81.7684,33.8248,45,37,970300,4017
488,-81.0549,33.5246,45,75,11900,4008
489,-80.878,33.5384,45,75,10902,1027
490,-80.7765,33.7208,45,17,950202,2008
491,-81.0263,33.8138,45,17,950100,3005
492,-82.2445,34.7018,45,45,3013,1000
493,-80.0772,34.4234,45,31,10300,2007
494,-80.8004,33.9482,45,79,11902,1018
495,-80.8939,34.1338,45,79,11418,2000
496,-79.9112,34.5947,45,25,950601,2006
497,-81.6381,35.0003,45,21,970602,2005
498,-81.377,33.9563,45,63,21306,1025
499,-80.2102,34.4254,45,25,950800,1073
500,-79.932,34.7119,45,25,950504,3019
501,-80.8494,33.5578,45,75,11100,2009
502,-79.7631,34.7399,45,69,960100,3017
503,-81.3114,33.351,45,11,970200,4014
504,-80.4607,33.8392,45,85,1903,1040
505,-80.5277,33.9633,45,85,201,4027
506,-82.2266,34.4259,45,59,920202,1013
507,-80.1006,34.192,45,31,11600,1015
508,-79.6823,34.2754,45,41,400,3003
509,-80.8316,33.7712,45,17,950202,1003
510,-81.6911,33.8184,45,37,970300,4035
511,-80.8268,34.2352,45,55,970401,2022
512,-80.9825,34.4883,45,39,960200,2068
513,-80.9529,33.1475,45,9,960400,1009
514,-80.3546,34.2442,45,61,920201,2036
515,-80.7045,34.3078,45,55,970401,4010
516,-79.8182,34.3644,45,31,11302,1005
517,-80.7491,33.6279,45,17,950201,1053
518,-82.3765,34.8803,45,45,1101,2005
519,-81.8881,34.4195,45,59,920900,3018
520,-81.8315,33.7702,45,37,970300,2077
521,-81.9566,34.4515,45,59,920302,2024
522,-82.4861,35.0038,45,45,3903,3003
523,-81.1034,35.0871,45,91,61706,1002
524,-83.1348,34.8603,45,73,30100,2015
525,-80.7761,33.6716,45,17,950202,2036
526,-80.2816,34.4774,45,25,950800,2071
527,-80.8251,33.8694,45,79,11802,1024
528,-80.906,33.7431,45,17,950100,1016
529,-80.162,33.1607,45,15,20503,2057
530,-79.9812,33.0359,45,15,20724,1007
531,-81.8156,34.9792,45,83,22201,3002
532,-81.2057,33.5976,45,75,11804,2036
533,-81.8929,33.5387,45,3,20601,3000
534,-80.2237,33.5784,45,27,960703,2024
535,-83.0043,34.908,45,73,30201,1036
536,-82.4358,34.8851,45,45,2301,2009
537,-81.0363,34.1098,45,79,10200,2065
538,-81.9117,34.8877,45,83,22003,2017
539,-81.5568,34.2801,45,71,950204,1013
540,-80.0011,33.8909,45,27,960100,2006
541,-80.251,34.3132,45,61,920201,1007
542,-81.465,33.5882,45,3,21700,1138
543,-81.5039,33.3814,45,11,970102,3035
544,-81.3701,33.7161,45,3,21700,3009
545,-80.9215,34.1042,45,79,11411,3001
546,-79.5053,34.6143,45,69,960400,4005
547,-81.6192,33.6808,45,3,20200,2012
548,-81.0837,33.0008,45,49,920100,1001
549,-81.9547,33.7477,45,37,970204,1023
550,-83.1314,34.8791,45,73,30100,2013
551,-81.2177,33.5627,45,75,11804,2044
552,-82.7418,34.4444,45,7,12200,2019
553,-82.6912,34.4237,45,7,12200,3008
554,-80.801,33.7334,45,17,950202,1013
555,-79.6035,33.878,45,41,1800,3018
556,-81.0683,33.8002,45,63,20802,1013
557,-81.8086,34.8954,45,83,23901,1040
558,-80.8183,33.6276,45,17,950202,3060
559,-80.8038,34.7783,45,57,11100,2002
560,-81.4598,33.1772,45,11,970500,3083
561,-81.5075,33.3837,45,11,970102,3034
562,-81.8215,34.0393,45,81,960201,3039
563,-80.2587,34.2307,45,61,920202,2008
564,-81.0048,32.7135,45,53,950100,1007
565,-81.1112,33.4377,45,75,11801,1038
566,-80.4445,33.8751,45,85,1903,1020
567,-80.4961,33.8727,45,85,1801,1044
568,-81.5247,33.0978,45,5,970202,1048
569,-82.4176,34.7188,45,45,3303,3014
570,-81.347,33.7472,45,63,20911,1033
571,-79.6429,34.2117,45,41,400,5014
572,-81.8006,33.7423,45,37,970400,2037
573,-81.6543,33.8334,45,81,960400,2119
574,-82.12,33.7172,45,37,970201,2028
575,-81.7069,33.8094,45,37,970300,4034
576,-81.8489,33.6878,45,37,970400,3010
577,-81.7653,33.7288,45,37,970300,2066
578,-81.8136,33.385,45,3,22100,1017
579,-80.9117,33.7221,45,17,950100,1014
580,-81.3191,33.5256,45,75,11804,1016
581,-80.1668,33.8007,45,27,960300,1042
582,-80.2373,33.7315,45,27,960500,1007
583,-81.5185,34.7889,45,87,30900,1050
584,-81.3006,33.5695,45,3,21800,1040
585,-80.8586,34.8457,45,57,11209,3027
586,-82.4429,34.9929,45,45,3905,1014
587,-80.747,34.5314,45,55,970300,2000
588,-80.8155,33.6991,45,17,950202,2018
589,-81.9197,33.7805,45,37,970203,2028
590,-81.2471,34.9581,45,91,61505,2004
591,-80.4923,34.3775,45,55,970604,1009
592,-79.6536,34.4859,45,69,960600,2039
593,-81.0625,33.3837,45,75,11801,1075
594,-80.7947,33.4733,45,75,10700,2011
595,-81.3906,33.8379,45,63,21311,1039
596,-79.6648,34.6705,45,69,960400,1064
597,-81.7528,34.937,45,21,970700,2009
598,-81.0534,33.8763,45,63,20705,2012
599,-80.8919,34.1004,45,79,11413,4010
600,-80.0191,34.1389,45,31,11600,3011
601,-83.1904,34.653,45,73,31100,3015
602,-82.5558,34.5854,45,7,10405,2031
603,-82.5557,34.9423,45,77,10601,1004
604,-80.5396,33.9077,45,85,1804,1039
605,-82.1499,35.0746,45,83,22702,2069
606,-80.2571,34.775,45,25,950300,1031
607,-80.9237,34.1051,45,79,11411,2005
608,-79.9814,34.5761,45,25,950701,1008
609,-81.366,34.1863,45,71,950603,1067
610,-80.1271,34.5912,45,25,950702,2074
611,-81.0364,34.0888,45,79,10701,2002
612,-82.0906,34.5401,45,59,920301,3011
613,-82.0428,34.4453,45,59,920302,1012
614,-79.6332,33.4769,45,89,970900,2015
615,-82.3279,35.1028,45,45,2404,1084
616,-79.7437,33.5571,45,89,970801,1046
617,-80.3961,33.9317,45,85,1701,1026
618,-81.3652,33.108,45,5,970202,1000
619,-82.7768,34.461,45,7,12200,1001
620,-80.1892,32.9581,45,35,10807,2001
621,-80.4072,33.8477,45,85,1903,1037
622,-80.5988,34.5888,45,57,10201,2009
623,-81.0342,33.7689,45,17,950100,3016
624,-82.1529,34.999,45,83,23004,1004
625,-81.5787,33.8843,45,81,960400,2044
626,-80.0325,34.7265,45,25,950401,1066
627,-81.4977,33.9697,45,63,21404,1038
628,-81.1917,34.9394,45,91,61505,1026
629,-80.5342,34.0402,45,85,100,1067
630,-80.0043,34.2613,45,31,10800,2056
631,-82.0486,34.8509,45,83,23402,2013
632,-81.9897,34.616,45,59,920501,1025
633,-81.615,34.7272,45,87,30100,2016
634,-81.6387,34.7609,45,87,30401,1041
635,-81.4659,34.933,45,91,61900,3023
636,-81.6719,33.6184,45,3,20200,2018
637,-82.4537,34.7427,45,45,3301,4001
638,-82.4485,35.1377,45,45,4004,2028
639,-80.0907,33.8067,45,27,960201,1009
640,-82.5252,35.1008,45,45,4004,1033
641,-80.8625,33.7661,45,17,950202,1010
642,-81.2459,33.875,45,63,20909,1003
643,-80.3643,34.5072,45,55,970100,1004
644,-80.5791,34.1309,45,55,970700,1054
645,-79.7366,33.5142,45,89,970900,1014
646,-80.8395,34.8621,45,57,11209,3030
647,-79.6681,34.475,45,69,960600,2055
648,-81.1087,33.7325,45,63,20803,2053
649,-80.386,33.6555,45,27,960801,1000
650,-80.3161,34.1002,45,61,920402,2010
651,-80.3021,34.3299,45,61,920201,1013
652,-82.1841,34.7696,45,45,3009,2008
653,-80.8967,33.968,45,79,11606,1015
654,-82.2386,33.9853,45,65,920200,2007
655,-82.6327,34.9335,45,77,10502,1000
656,-81.4366,33.463,45,3,21902,1011
657,-80.2342,34.1826,45,61,920302,3043
658,-79.0149,34.0659,45,51,20302,1005
659,-81.0736,33.5586,45,75,11900,2043
660,-79.1647,33.788,45,51,70601,3002
661,-80.2903,34.7247,45,25,950300,3027
662,-80.3074,34.4822,45,25,950800,2093
663,-81.9428,33.6397,45,37,970501,1020
664,-82.6169,34.6693,45,7,10501,2006
665,-80.6227,33.0712,45,35,10100,2071
666,-82.2991,34.873,45,45,2817,2002
667,-81.8034,34.8906,45,83,23901,1040
668,-82.2497,35.1795,45,45,2404,3031
669,-82.3349,35.0511,45,45,2403,1016
670,-82.2168,34.1693,45,47,970402,2011
671,-82.3595,34.8048,45,45,1900,3033
672,-81.7825,34.8891,45,83,23902,2034
673,-81.1599,33.5093,45,75,11900,1048
674,-81.6438,34.3301,45,71,950502,1001
675,-80.105,34.2332,45,31,11500,1030
676,-79.1567,33.3758,45,43,920508,1011
677,-81.2554,34.7097,45,23,20500,3018
678,-81.8431,33.7601,45,37,970400,1004
679,-80.9417,33.5261,45,75,10902,2018
680,-80.5041,34.2348,45,55,970603,3012
681,-81.1252,33.2946,45,9,960102,4032
682,-80.7292,34.2814,45,55,970401,3007
683,-79.2393,34.1745,45,67,950500,3019
684,-82.5619,34.8347,45,77,10802,2055
685,-80.7289,33.617,45,17,950400,2022
686,-81.1495,34.2903,45,39,960502,1006
687,-81.9703,35.1412,45,83,22304,1007
688,-82.5919,34.3551,45,7,11701,2031
689,-82.0034,34.7942,45,83,23500,2011
690,-82.508,34.8902,45,77,10601,2007
691,-82.0512,35.1435,45,83,22408,2012
692,-82.4267,35.0745,45,45,4003,1005
693,-81.5835,33.9022,45,81,960301,3047
694,-81.8945,33.681,45,37,970400,1045
695,-80.8276,33.9767,45,79,11902,3008
696,-81.7947,33.4515,45,3,20903,2001
697,-81.7524,33.4292,45,3,22003,2009
698,-80.4377,34.3078,45,55,970100,1094
699,-80.4897,34.2294,45,55,970603,3014
700,-80.0407,33.0946,45,15,20601,1044
701,-80.8839,34.8452,45,91,61203,2007
702,-80.9531,35.0343,45,91,61011,3047
703,-81.463,33.8375,45,63,21403,2026
704,-80.6613,33.5251,45,17,950400,3030
705,-82.2352,35.1968,45,45,2404,3032
706,-81.8093,33.5792,45,3,20401,2000
707,-81.1214,33.6293,45,75,12000,1028
708,-82.1017,34.8878,45,83,23408,2001
709,-83.1633,34.8782,45,73,30100,2031
710,-81.1183,34.5084,45,39,960200,1054
711,-81.9971,34.8785,45,83,22005,1010
712,-80.6119,32.8823,45,29,970601,1029
713,-80.0675,34.2191,45,31,11500,1014
714,-81.2664,33.9923,45,63,21048,1015
715,-80.9022,34.8397,45,91,61203,2017
716,-81.2643,33.9941,45,63,21048,1029
717,-82.7659,34.6021,45,7,10602,2038
718,-81.7851,34.2669,45,71,950700,2037
719,-80.3246,33.9841,45,85,402,2049
720,-81.107,34.2345,45,39,960502,1032
721,-82.0922,35.0298,45,83,22806,3004
722,-82.1157,35.1439,45,83,22500,1070
723,-79.3099,33.3673,45,43,920602,1031
724,-82.3062,34.5517,45,45,3202,1027
725,-82.3107,34.7116,45,45,3014,1011
726,-82.5402,34.4841,45,7,11302,3021
727,-81.3043,34.9549,45,91,61505,2011
728,-79.9421,34.5808,45,25,950601,2016
729,-79.537,34.038,45,41,1700,2018
730,-82.6672,34.7648,45,77,11003,1008
731,-80.232,34.4115,45,25,950800,1072
732,-80.9478,34.2279,45,79,10104,2014
733,-79.9278,34.5914,45,25,950601,2015
734,-80.1385,32.8972,45,35,10801,2039
735,-81.8796,34.0602,45,81,960201,3012
736,-82.3745,34.9038,45,45,1600,3003
737,-80.6115,33.4861,45,75,10400,1028
738,-79.5252,33.7173,45,89,970300,4036
739,-81.2992,32.9423,45,5,970500,4009
740,-81.9771,34.7252,45,83,23500,2049
741,-79.3216,33.3782,45,43,920602,1029
742,-82.2593,34.0999,45,47,970900,2011
743,-82.0992,34.2207,45,47,970602,3030
744,-80.57,34.5001,45,57,10202,3066
745,-80.7336,34.7582,45,57,11002,1016
746,-81.7909,33.993,45,81,960201,2011
747,-81.036,33.7858,45,17,950100,3014
748,-81.0114,34.2746,45,39,960301,1006
749,-81.1121,33.103,45,9,960300,2109
750,-81.7414,34.2045,45,71,950700,3054
751,-81.5213,33.8177,45,3,20100,3041
752,-81.5886,33.7389,45,3,20100,5010
753,-80.2847,33.7042,45,27,960500,2011
754,-81.9727,33.6655,45,37,970501,1011
755,-81.8729,33.797,45,37,970203,2007
756,-81.7245,33.4818,45,3,21205,3020
757,-80.987,33.4499,45,75,11600,4021
758,-82.5309,35.0226,45,45,4101,1034
759,-81.9955,33.7719,45,37,970204,1016
760,-79.8964,34.5463,45,25,950601,2025
761,-81.9173,34.5492,45,59,920501,1067
762,-81.2202,33.9288,45,63,21051,1021
763,-79.7287,34.6066,45,69,960202,1018
764,-80.716,34.6971,45,57,11001,3007
765,-81.3525,33.9362,45,63,21306,1042
766,-79.587,34.6961,45,69,960400,1028
767,-81.1322,33.4389,45,75,11802,1078
768,-83.1176,34.8458,45,73,30100,1042
769,-81.8451,33.5207,45,3,21101,2018
770,-80.7954,33.96,45,79,11902,1012
771,-81.0093,34.1938,45,79,10106,2066
772,-81.2434,33.9694,45,63,21029,1027
773,-79.9951,34.423,45,31,10200,4006
774,-81.4092,33.5526,45,3,21800,3014
775,-81.7704,33.5071,45,3,21201,1025
776,-79.6026,34.0974,45,41,1700,1050
777,-79.8742,34.1715,45,41,102,3021
778,-81.5385,33.5515,45,3,21901,1008
779,-81.7738,33.6278,45,3,20304,1003
780,-82.1934,34.2133,45,47,970303,1019
781,-80.6776,32.6369,45,13,100,2064
782,-82.1487,33.6402,45,65,920300,2115
783,-80.9215,32.216,45,13,2102,1041
784,-80.2694,33.714,45,27,960500,1009
785,-80.7418,33.5461,45,75,10803,1034
786,-80.789,33.7038,45,17,950202,2001
787,-82.9629,34.9234,45,73,30201,1063
788,-82.2382,34.836,45,45,2813,1003
789,-80.5477,34.2217,45,55,970800,3058
790,-79.9098,34.6023,45,25,950601,2006
791,-79.8615,34.7126,45,69,960100,1057
792,-79.5571,34.5958,45,69,960500,1014
793,-82.5676,34.578,45,7,10405,2031
794,-80.0747,34.5767,45,25,950702,2041
795,-82.3561,34.668,45,45,3203,2013
796,-82.377,34.8748,45,45,1101,4002
797,-79.6704,34.7417,45,69,960302,1008
798,-81.245,33.3884,45,11,970200,1050
799,-81.7712,33.7903,45,37,970300,2041
800,-81.4246,33.3798,45,11,970102,2007
801,-80.3296,33.802,45,85,1902,1008
802,-82.0945,35.0994,45,83,22803,1027
803,-81.018,33.1793,45,9,960202,3065
804,-82.1966,34.82,45,45,2822,1002
805,-81.8489,33.7823,45,37,970300,2033
806,-81.9654,33.5721,45,37,970502,2035
807,-81.9931,33.5554,45,37,970502,2019
808,-80.3839,34.1848,45,61,920401,3008
809,-80.4241,34.2058,45,61,920401,2025
810,-82.5925,34.1787,45,1,950600,3011
811,-81.1415,34.0509,45,63,21106,3016
812,-82.5567,34.9495,45,77,10501,2033
813,-80.9291,34.0741,45,79,11303,3003
814,-81.1338,34.273,45,39,960502,1015
815,-82.4121,35.0828,45,45,4003,1009
816,-82.4093,35.099,45,45,4003,2008
817,-81.5473,33.6924,45,3,20100,5067
818,-80.9593,33.5188,45,75,11900,4013
819,-79.7673,34.7347,45,69,960100,3017
820,-79.8286,34.2461,45,31,10901,1006
821,-81.3585,33.8284,45,63,21311,1052
822,-80.1343,34.3729,45,31,10200,1051
823,-79.8616,34.4582,45,31,10100,3027
824,-80.3989,33.6134,45,27,960801,1038
825,-81.8067,35.0737,45,21,970102,2033
826,-80.596,33.5641,45,17,950400,2011
827,-80.6173,33.5688,45,17,950400,2060
828,-80.6098,33.5653,45,17,950400,2011
829,-82.5847,34.6228,45,7,10501,1011
830,-80.2765,32.7532,45,19,2402,2005
831,-81.1452,33.7863,45,63,20804,1020
832,-81.4607,34.223,45,71,950601,1025
833,-83.0682,34.9289,45,73,30100,1008
834,-81.4391,33.8813,45,63,21305,1101
835,-81.5199,33.8689,45,63,21403,1025
836,-80.3385,34.1343,45,61,920402,1005
837,-81.7809,34.2827,45,71,950700,1028
838,-80.9764,33.5318,45,75,11900,4013
839,-80.8139,32.6481,45,13,100,2055
840,-79.1225,34.0946,45,51,10100,2015
841,-80.3973,34.7539,45,25,950101,1024
842,-82.14,35.0659,45,83,22702,2082
843,-81.0791,33.4988,45,75,11900,1060
844,-83.1545,34.6757,45,73,31100,2012
845,-83.022,34.9205,45,73,30201,1039
846,-80.2922,34.6639,45,25,950200,1019
847,-82.6777,34.9727,45,77,10401,1016
848,-82.7203,34.6264,45,7,10602,3045
849,-82.7858,34.9534,45,77,10100,1113
850,-81.7148,35.0288,45,21,970201,3091
851,-79.6035,33.8762,45,41,1800,3018
852,-81.436,33.7844,45,63,21312,1057
853,-80.0997,34.6058,45,25,950702,2032
854,-81.2292,34.7352,45,23,20400,1054
855,-81.7978,34.9018,45,83,23901,1040
856,-82.569,34.2741,45,1,950300,2025
857,-80.9851,33.454,45,75,11600,4020
858,-81.2507,33.377,45,11,970200,1057
859,-79.9371,33.5014,45,89,970801,2057
860,-81.2553,32.9615,45,5,970500,3004
861,-81.2821,33.8708,45,63,20909,1009
862,-81.3328,32.9982,45,5,970202,2005
863,-80.9566,34.7626,45,23,20800,2032
864,-82.1699,33.7024,45,37,970201,2039
865,-80.9185,34.1011,45,79,11411,2000
866,-79.6636,34.782,45,69,960302,1015
867,-82.1169,34.2565,45,47,970201,1032
868,-82.1763,34.257,45,47,970201,4007
869,-79.6953,34.2841,45,41,400,3008
870,-81.8783,33.6445,45,37,970400,3027
871,-80.7861,34.2092,45,55,970907,2004
872,-80.6345,34.2934,45,55,970500,5036
873,-81.9775,35.102,45,83,22404,1000
874,-81.0295,33.6175,45,75,12000,4052
875,-82.2445,34.1641,45,1,950500,2062
876,-80.9196,35.0365,45,91,61008,3009
877,-82.5719,35.0804,45,45,4102,2010
878,-82.6582,35.0732,45,45,4102,2022
879,-82.707,34.9644,45,77,10401,1012
880,-80.829,33.7012,45,17,950202,1020
881,-82.1084,33.6852,45,37,970201,2033
882,-81.3193,33.6806,45,3,21700,4012
883,-80.8793,33.5593,45,75,10902,1024
884,-81.646,34.2142,45,71,950700,3084
885,-82.5513,34.875,45,77,10603,1016
886,-80.9692,34.996,45,91,61004,3026
887,-80.9977,33.6077,45,75,12000,4010
888,-79.8347,34.2535,45,31,11400,3037
889,-81.232,33.5485,45,75,11804,2051
890,-80.0515,33.6942,45,27,960600,1002
891,-80.8459,34.1167,45,79,11414,1003
892,-81.9124,34.9276,45,83,21100,2001
893,-81.1797,33.708,45,63,20904,1044
894,-81.2114,33.6488,45,3,21800,2009
895,-81.5238,33.9067,45,63,21402,1019
896,-81.4117,33.5356,45,3,21800,3037
897,-80.6072,32.8799,45,29,970601,1029
898,-81.1038,34.9462,45,91,61403,1011
899,-80.8048,34.8502,45,57,11211,1034
900,-81.0292,33.5297,45,75,11900,4018
901,-81.0237,33.8174,45,17,950100,3005
902,-80.3062,34.7736,45,25,950102,2072
903,-80.3296,34.6307,45,25,950200,2006
904,-80.7386,33.5708,45,17,950400,4005
905,-81.2993,34.952,45,91,61505,2011
906,-81.2129,33.9969,45,63,21031,2010
907,-82.7964,34.9344,45,77,10202,2010
908,-79.9592,33.0931,45,15,20602,2031
909,-81.2253,34.7386,45,23,20400,1054
910,-81.8083,34.9071,45,83,23901,1031
911,-82.2125,34.1724,45,47,970402,2017
912,-80.818,34.7799,45,57,11100,1013
913,-82.3808,35.1052,45,45,4003,2001
914,-81.6788,34.8162,45,87,30800,3018
915,-80.4968,33.8499,45,85,1801,1102
916,-80.39,33.8846,45,85,1704,1034
917,-81.7707,33.8632,45,81,960400,1069
918,-80.3809,33.9169,45,85,902,3043
919,-81.6473,33.9167,45,81,960400,1031
920,-81.9411,33.6952,45,37,970501,1001
921,-79.3113,33.5012,45,43,920400,2033
922,-81.2601,34.4649,45,39,960200,1078
923,-81.8151,33.7215,45,37,970400,2021
924,-79.5772,33.7062,45,89,970400,1000
925,-80.4178,34.6564,45,25,950200,4004
926,-80.3915,34.3541,45,55,970100,1075
927,-80.5128,34.1674,45,55,970700,1033
928,-79.9771,34.2501,45,31,10901,3027
929,-81.0083,34.27,45,39,960301,1015
930,-81.0722,34.2366,45,39,960301,1028
931,-80.5213,34.2574,45,55,970603,1030
932,-82.1505,33.642,45,65,920300,2157
933,-81.2182,33.9933,45,63,21031,3002
934,-82.133,34.8851,45,83,23408,2021
935,-81.2351,34.3413,45,39,960501,1043
936,-80.2044,33.8219,45,27,960300,1010
937,-80.1455,33.5487,45,27,960702,1022
938,-80.956,34.8652,45,91,61203,4014
939,-81.6359,33.5987,45,3,20200,1065
940,-82.492,35.1353,45,45,4004,1011
941,-82.3762,35.128,45,45,2404,2011
942,-81.3224,33.458,45,11,970101,2006
943,-82.0999,34.23,45,47,970602,3026
944,-81.2734,34.5849,45,23,20601,1044
945,-80.8176,33.7142,45,17,950202,1018
946,-81.8058,33.283,45,3,22100,2059
947,-81.1653,33.9098,45,63,20908,1004
948,-81.6371,34.202,45,71,950700,3084
949,-81.7405,35.0862,45,21,970102,2005
950,-80.563,33.5396,45,75,10400,3018
951,-80.7046,33.7268,45,17,950400,1021
952,-81.1595,33.6366,45,75,12000,1035
953,-80.954,34.1894,45,79,10107,1005
954,-80.8116,34.1212,45,79,11407,2087
955,-78.7948,33.7666,45,51,50200,2004
956,-80.0065,33.849,45,27,960100,2018
957,-81.3994,33.8453,45,63,21311,1048
958,-81.3268,32.6661,45,49,920500,1023
959,-82.8706,34.7755,45,77,11204,1005
960,-82.6886,34.4469,45,7,11901,2015
961,-81.2319,33.1136,45,5,970500,1002
962,-78.7799,33.8004,45,51,60310,2003
963,-80.7247,34.3116,45,55,970401,4025
964,-82.0541,35.0889,45,83,22803,1028
965,-80.9342,33.7144,45,17,950100,1018
966,-82.6176,35.1118,45,45,4102,2005
967,-79.7227,34.2953,45,31,11302,2024
968,-82.4156,34.4575,45,7,11501,2012
969,-81.6564,34.7195,45,87,30402,1001
970,-82.1093,35.0926,45,83,22702,2053
971,-82.7172,34.855,45,77,10403,1025
972,-81.3277,33.7447,45,63,20911,1017
973,-83.0112,34.7748,45,73,30402,2005
974,-80.9815,34.2398,45,79,10106,1008
975,-81.4961,35.1194,45,21,970403,3000
976,-82.3548,35.0197,45,45,4001,1024
977,-82.3809,35.095,45,45,4003,2012
978,-80.902,33.5149,45,75,10901,2004
979,-82.1718,34.3582,45,59,920202,3023
980,-80.4296,33.238,45,35,10302,3001
981,-80.8204,32.7862,45,29,970301,1052
982,-80.7552,32.9395,45,29,970401,3078
983,-81.2009,33.032,45,5,970500,1089
984,-80.5276,33.6967,45,85,1801,2098
985,-80.531,33.8171,45,85,1801,1089
986,-79.7993,34.7377,45,69,960100,2057
987,-79.7273,33.6065,45,89,970501,1012
988,-82.3264,34.9817,45,45,2606,1015
989,-81.7915,33.8263,45,37,970300,4056
990,-79.3941,33.7987,45,89,970300,1002
991,-81.5421,34.032,45,81,960302,2074
992,-82.7862,34.9424,45,77,10202,2000
993,-81.0502,33.6881,45,75,12000,3000
994,-80.5011,34.4816,45,55,970200,2056
995,-82.1405,34.776,45,59,920106,1001
996,-81.1483,33.2393,45,9,960300,1033
997,-81.0991,33.3593,45,9,960101,1016
998,-81.2088,33.3339,45,9,960101,2050
999,-81.9208,35.1179,45,83,22304,1043
1000,-80.8373,33.5835,45,75,10803,2015
1001,-81.8178,33.786,45,37,970300,2039
1002,-82.7574,34.654,45,7,10702,1004
1003,-81.1284,33.4565,45,75,11802,1052
1004,-81.9001,33.558,45,3,20601,2016
1005,-81.3365,33.2516,45,11,970402,2005
1006,-79.9277,33.0231,45,15,20602,2084
1007,-81.8476,33.6652,45,37,970400,3010
1008,-80.8527,33.8443,45,79,11802,3046
1009,-81.8861,33.3822,45,3,20901,2012
1010,-81.3375,33.6066,45,3,21800,2072
1011,-80.9921,33.707,45,17,950100,2006
1012,-81.3493,33.8191,45,63,21312,1004
1013,-81.2421,33.7578,45,63,20904,2024
1014,-82.5888,34.1135,45,1,950600,3063
1015,-82.6784,34.6762,45,7,10601,1047
1016,-81.0898,33.5441,45,75,11900,2042
1017,-81.8849,33.5462,45,3,20601,2015
1018,-83.1556,34.8939,45,73,30100,2009
1019,-80.945,33.5836,45,75,10902,1013
1020,-81.2703,34.0226,45,63,21047,1000
1021,-80.6765,33.557,45,17,950400,3006
1022,-81.1777,33.852,45,63,20905,2001
1023,-81.5231,34.2059,45,71,950601,1069
1024,-81.0042,33.4174,45,75,11704,1002
1025,-81.2493,33.8838,45,63,20909,1000
1026,-82.6721,35.0646,45,45,4102,2024
1027,-81.9165,33.5925,45,3,20500,2008
1028,-80.963,34.0539,45,79,11102,1010
1029,-79.829,34.1582,45,41,202,2014
1030,-81.325,32.696,45,49,920500,1022
1031,-83.035,34.8917,45,73,30201,1049
1032,-81.6891,33.8076,45,37,970300,3000
1033,-80.3694,34.6345,45,25,950200,1041
1034,-82.2257,34.9828,45,45,2406,1021
1035,-81.1726,34.7442,45,23,20400,2027
1036,-81.2902,34.9942,45,91,61503,2035
1037,-81.0941,33.4623,45,75,11802,1034
1038,-82.6377,34.9145,45,77,10502,1024
1039,-81.807,35.0823,45,21,970102,2035
1040,-81.628,35.0305,45,21,970501,1020
1041,-81.4918,34.963,45,21,970602,1015
1042,-80.939,33.6202,45,75,10902,1004
1043,-82.0202,33.5622,45,37,970502,2007
1044,-79.4725,33.6396,45,89,970400,1021
1045,-81.7183,33.499,45,3,21204,1060
1046,-82.5658,34.2763,45,1,950300,1058
1047,-81.3833,32.745,45,49,920401,2043
1048,-80.3676,33.837,45,85,1902,3010
1049,-81.9411,34.7422,45,83,23700,1013
1050,-80.7282,33.8983,45,79,12000,4006
1051,-81.1596,33.3717,45,9,960101,2013
1052,-82.1802,34.2049,45,47,970303,2031
1053,-81.1571,33.869,45,63,20905,2004
1054,-82.2034,34.5694,45,59,920104,3033
1055,-82.0125,34.9175,45,83,21902,4015
1056,-81.6202,33.8483,45,81,960400,2091
1057,-80.0282,34.3879,45,31,10600,3011
1058,-80.925,34.3182,45,39,960301,2027
1059,-81.144,34.0504,45,63,21106,3016
1060,-80.531,34.0682,45,85,100,1042
1061,-79.8748,34.3935,45,31,11302,1011
1062,-81.1148,34.0161,45,63,20506,2051
1063,-80.9386,33.6237,45,75,10902,1000
1064,-79.7733,34.3243,45,31,11302,2027
1065,-83.0442,34.8867,45,73,30201,1100
1066,-80.8229,34.7979,45,57,11100,1006
1067,-81.1042,33.4486,45,75,11801,1015
1068,-80.9798,35.0445,45,91,61011,2005
1069,-80.9708,35.0169,45,91,61004,2007
1070,-82.4228,34.7417,45,45,3500,1038
1071,-80.8885,34.1052,45,79,11413,4013
1072,-79.9938,34.7042,45,25,950501,2042
1073,-80.9876,32.5354,45,53,950100,1092
1074,-79.6161,34.6779,45,69,960400,1053
1075,-81.859,33.6959,45,37,970400,3011
1076,-80.0113,33.2179,45,15,20504,2006
1077,-79.9549,34.3937,45,31,10902,1006
1078,-81.8253,33.6108,45,3,20401,2011
1079,-82.1938,34.9822,45,83,23201,2008
1080,-81.1912,34.057,45,63,21116,2020
1081,-81.0191,34.2286,45,79,10200,1030
1082,-80.8622,32.2928,45,13,2201,1029
1083,-81.1823,33.6949,45,63,20904,1043
1084,-80.8864,34.0967,45,79,11413,4017
1085,-82.5362,35.1262,45,45,4102,1009
1086,-81.6085,33.8215,45,3,20100,4011
1087,-80.6906,34.1939,45,55,970905,2017
1088,-81.5815,33.6389,45,3,20200,1011
1089,-81.6718,33.6265,45,3,20200,2018
1090,-81.0367,32.9046,45,49,920201,1017
1091,-80.7803,34.5478,45,57,10300,4057
1092,-80.8493,33.3929,45,75,10601,1066
1093,-82.6248,34.9293,45,77,10502,1000
1094,-82.0884,35.0858,45,83,22803,1025
1095,-78.7422,33.7985,45,51,40500,1012
1096,-80.4314,34.6961,45,25,950200,3014
1097,-81.5181,35.0325,45,21,970503,1030
1098,-82.3274,34.2033,45,1,950402,2015
1099,-82.248,34.7005,45,45,3013,1001
1100,-80.6411,33.6001,45,17,950400,2015
1101,-79.7668,34.6244,45,69,960302,2101
1102,-80.1468,34.5428,45,25,950701,3021
1103,-82.2864,34.5123,45,45,3202,1051
1104,-81.1482,34.0773,45,79,10304,3023
1105,-80.8934,34.1294,45,79,11418,2015
1106,-81.7706,34.4698,45,59,920600,2054
1107,-81.96,34.6503,45,83,23700,3062
1108,-80.8718,33.5214,45,75,11000,2022
1109,-80.3282,34.7086,45,25,950200,1012
1110,-81.7555,33.7908,45,37,970300,3009
1111,-80.4394,33.9764,45,85,202,3056
1112,-80.6872,33.6238,45,17,950400,2025
1113,-80.3639,34.0061,45,85,401,2000
1114,-80.3942,33.1807,45,35,10302,3030
1115,-81.1708,33.3075,45,9,960102,1021
1116,-81.1322,33.3473,45,9,960101,1012
1117,-80.5952,34.5144,45,57,10202,3048
1118,-82.1279,33.6969,45,37,970201,2036
1119,-79.8979,34.335,45,31,10902,2012
1120,-82.6606,34.7791,45,77,11005,1052
1121,-81.0971,34.3372,45,39,960501,1060
1122,-81.9588,34.6269,45,59,920501,1020
1123,-79.9554,33.8333,45,27,960100,3026
1124,-81.8868,35.16,45,83,22304,2023
1125,-82.5133,34.572,45,7,10406,1012
1126,-80.9397,32.7899,45,49,920300,1004
1127,-82.139,35.056,45,83,22702,1001
1128,-81.2453,34.8692,45,91,61401,1019
1129,-82.4793,33.9619,45,65,920100,1129
1130,-80.5139,33.5228,45,75,10400,4012
1131,-80.5933,33.6005,45,17,950400,1070
1132,-81.1491,33.5848,45,75,11900,1002
1133,-79.6314,34.6077,45,69,960301,5061
1134,-79.6956,34.2941,45,31,11302,2020
1135,-80.2298,33.6658,45,27,960701,2010
1136,-83.12,34.8084,45,73,30100,1057
1137,-81.7039,33.6202,45,3,20303,2004
1138,-81.4865,34.8954,45,21,970700,1025
1139,-80.9778,33.8022,45,17,950100,3025
1140,-80.5946,33.6166,45,17,950400,1110
1141,-82.1195,34.8052,45,83,23500,4000
1142,-81.2719,33.9738,45,63,21028,1001
1143,-80.103,33.5443,45,27,960600,2059
1144,-80.4438,33.6528,45,27,960801,1035
1145,-81.286,33.5946,45,3,21800,1001
1146,-80.9515,34.0397,45,79,11307,1005
1147,-80.9521,34.0361,45,79,11307,1045
1148,-81.862,34.9483,45,83,21303,2000
1149,-83.126,34.9257,45,73,30100,2005
1150,-81.333,32.6797,45,49,920500,1023
1151,-82.1458,35.1284,45,83,22500,1083
1152,-81.141,34.001,45,63,20512,1011
1153,-80.4303,33.1587,45,35,10301,2021
1154,-80.0083,34.4006,45,31,10200,4034
1155,-82.2919,34.6733,45,45,3016,1014
1156,-80.8473,33.5536,45,75,11100,2009
1157,-80.8792,33.5517,45,75,10902,1027
1158,-81.0074,33.6672,45,75,12000,3011
1159,-80.5937,34.3407,45,55,970604,2038
1160,-81.9848,33.6766,45,37,970502,1008
1161,-82.3318,34.5307,45,45,3202,2018
1162,-81.0595,34.2559,45,39,960301,1011
1163,-80.093,34.6618,45,25,950402,2118
1164,-80.1315,34.5196,45,25,950701,4002
1165,-82.0347,34.4369,45,59,920302,1010
1166,-81.0589,33.4308,45,75,11801,1042
1167,-83.2086,34.6643,45,73,31100,3015
1168,-79.1659,34.3479,45,33,970500,4018
1169,-79.5869,34.3747,45,33,970601,2015
1170,-81.4043,34.624,45,23,20601,1039
1171,-81.2341,34.5878,45,23,20601,2036
1172,-81.8412,34.8408,45,83,23805,1005
1173,-81.4972,33.8835,45,63,21403,1005
1174,-80.642,33.8549,45,79,12000,3060
1175,-80.5669,34.5453,45,57,10202,3007
1176,-80.6998,34.6099,45,57,10300,1051
1177,-79.8306,33.6541,45,89,970501,4017
1178,-80.8669,33.6918,45,17,950202,1023
1179,-80.8295,34.1625,45,55,970909,2032
1180,-81.0704,33.6856,45,75,12000,3007
1181,-81.07,34.2343,45,39,960301,1027
1182,-82.6699,35.0523,45,77,10100,2000
1183,-81.7918,33.679,45,3,20301,2009
1184,-82.4817,35.1155,45,45,4004,1011
1185,-80.921,34.1178,45,79,11411,1004
1186,-81.8091,34.3691,45,59,920900,3022
1187,-80.2865,33.5721,45,27,960802,1024
1188,-82.5315,34.4851,45,7,11302,3021
1189,-82.7407,34.4779,45,7,12002,1024
1190,-82.1372,35.091,45,83,22702,2009
1191,-83.0787,34.8182,45,73,30100,1057
1192,-81.9982,33.5873,45,37,970502,2004
1193,-82.4266,35.1045,45,45,4004,2030
1194,-81.6742,33.5323,45,3,21603,1009
1195,-82.8573,34.9866,45,77,10100,1054
1196,-82.8238,34.9245,45,77,10202,2012
1197,-81.5931,33.6407,45,3,20200,1012
1198,-81.6765,33.7033,45,3,20200,4025
1199,-80.72,34.1927,45,55,970906,1003
1200,-81.2881,34.988,45,91,61503,2020
1201,-79.8662,34.7124,45,69,960100,1057
1202,-79.7013,34.691,45,69,960302,1057
1203,-80.9931,32.5309,45,53,950100,1092
1204,-81.2001,34.9793,45,91,61505,1007
1205,-81.0751,33.4882,45,75,11900,1060
1206,-80.8236,34.7367,45,57,11100,1054
1207,-81.1197,33.7476,45,63,20803,1007
1208,-81.0472,33.7934,45,63,20802,1018
1209,-81.9812,35.0018,45,83,21803,3022
1210,-82.2618,34.8488,45,45,2819,2000
1211,-81.3917,33.8989,45,63,21307,1005
1212,-81.3014,33.6955,45,3,21700,4002
1213,-83.2674,34.7748,45,73,30100,4015
1214,-81.6118,33.7896,45,3,20100,4057
1215,-81.8176,34.7079,45,83,23806,1074
1216,-80.9958,34.2576,45,39,960301,3045
1217,-81.0563,33.5112,45,75,11900,3014
1218,-81.1794,33.5111,45,75,11900,1036
1219,-81.0127,33.5501,45,75,11900,4005
1220,-81.0713,33.4717,45,75,11802,1038
1221,-80.5362,33.9228,45,85,1804,1018
1222,-82.391,35.015,45,45,3902,2016
1223,-81.9026,33.6743,45,37,970400,1057
1224,-81.0967,34.108,45,79,10200,3048
1225,-82.71,34.9249,45,77,10405,1024
1226,-82.7328,34.9166,45,77,10401,2018
1227,-79.5435,33.9171,45,41,1800,3009
1228,-82.3926,34.8966,45,45,2304,2004
1229,-82.2261,34.204,45,47,970304,2022
1230,-79.7822,33.4297,45,89,970801,3048
1231,-82.3259,34.7904,45,45,2904,1011
1232,-82.3655,35.1211,45,45,2404,2011
1233,-81.7826,33.7632,45,37,970300,2070
1234,-80.8904,34.1636,45,79,11423,2023
1235,-82.1796,34.8887,45,83,23202,2106
1236,-80.524,33.7354,45,85,1801,2083
1237,-81.9773,33.7313,45,37,970204,1021
1238,-81.5263,34.2174,45,71,950601,1045
1239,-79.8066,34.7186,45,69,960100,3032
1240,-82.1282,34.2579,45,47,970201,1029
1241,-81.9258,34.908,45,83,20702,1042
1242,-82.1552,34.9124,45,83,23202,3038
1243,-81.9847,33.7259,45,37,970204,1021
1244,-82.0978,34.4069,45,59,921001,3039
1245,-80.9983,34.4835,45,39,960200,1090
1246,-79.6972,34.6883,45,69,960302,1060
1247,-83.035,34.6829,45,73,30601,1040
1248,-82.5967,34.9397,45,77,10501,2039
1249,-81.7037,33.7333,45,3,20200,4014
1250,-82.7127,34.4489,45,7,12200,2001
1251,-81.8116,33.7922,45,37,970300,2038
1252,-81.6751,34.3163,45,71,950300,3039
1253,-81.6789,34.2154,45,71,950700,3063
1254,-82.0622,35.0357,45,83,22901,2002
1255,-80.4808,33.3047,45,75,10200,1030
1256,-80.9064,33.4389,45,75,11600,2009
1257,-81.2645,35.0192,45,91,61503,1024
1258,-82.5249,35.0978,45,45,4004,1033
1259,-82.5858,35.1359,45,45,4102,2000
1260,-81.3868,33.1456,45,11,970500,1024
1261,-80.3381,34.3636,45,55,970100,2120
1262,-82.4362,35.1349,45,45,4004,2023
1263,-80.8257,33.7005,45,17,950202,2018
1264,-80.7272,33.8255,45,79,11802,2020
1265,-81.6201,35.1085,45,21,970203,2015
1266,-80.9657,33.7226,45,17,950100,2001
1267,-81.5778,33.8038,45,3,20100,4013
1268,-80.7606,34.2182,45,55,970907,2003
1269,-80.5856,34.2809,45,55,970500,1026
1270,-81.2531,35.0022,45,91,61601,1040
1271,-79.5463,33.6841,45,89,970400,1006
1272,-82.4298,34.4549,45,7,11501,2014
1273,-79.0905,34.1735,45,51,10100,3023
1274,-81.8944,34.8539,45,83,23804,2011
1275,-80.7884,33.5737,45,75,10803,1009
1276,-80.1517,34.4014,45,31,10200,1054
1277,-80.9177,33.5023,45,75,11500,3000
1278,-79.1756,33.7877,45,51,70601,3013
1279,-81.5236,33.8659,45,63,21403,1024
1280,-82.6444,34.5348,45,7,1100,3029
1281,-81.7067,34.2759,45,71,950700,2014
1282,-79.0483,33.9011,45,51,70701,3003
1283,-81.1135,33.7276,45,63,20803,1024
1284,-81.1363,34.0112,45,63,20506,2034
1285,-80.6682,33.8734,45,79,12000,3053
1286,-81.0887,34.9388,45,91,61404,1014
1287,-81.0139,34.9413,45,91,60102,1016
1288,-81.0906,34.4275,45,39,960200,3002
1289,-81.1709,33.8808,45,63,20905,2005
1290,-81.8235,34.9829,45,83,22201,3003
1291,-79.2745,34.2799,45,33,970500,2008
1292,-80.9165,33.5647,45,75,10902,1017
1293,-81.0569,33.5567,45,75,11900,4008
1294,-83.1338,34.7816,45,73,30100,3030
1295,-80.513,33.5478,45,17,950400,2055
1296,-81.8188,34.2194,45,71,950700,1071
1297,-80.7816,34.231,45,55,970401,2027
1298,-81.4682,33.8649,45,63,21403,1045
1299,-82.0211,34.6347,45,59,920501,1026
1300,-79.8667,34.2,45,41,102,1002
1301,-79.5109,33.983,45,41,1800,1000
1302,-81.5193,33.7603,45,3,20100,1029
1303,-81.2586,33.8694,45,63,20909,1004
1304,-80.8669,34.0948,45,79,11413,3000
1305,-79.9426,34.7929,45,25,950501,1001
1306,-80.9462,34.2496,45,79,10104,2005
1307,-81.1032,33.581,45,75,11900,2001
1308,-80.5731,33.9767,45,85,201,1067
1309,-80.4377,33.8801,45,85,1703,3013
1310,-82.4573,35.0227,45,45,3903,1025
1311,-80.4719,33.8952,45,85,1801,1014
1312,-80.6181,33.5656,45,17,950400,2060
1313,-80.367,34.6749,45,25,950200,3047
1314,-82.4058,34.6633,45,45,3303,2018
1315,-82.0941,34.2379,45,47,970602,3029
1316,-81.8141,33.7507,45,37,970400,2000
1317,-80.4208,34.6056,45,55,970200,1000
1318,-80.4344,34.5021,45,55,970200,1108
1319,-81.1312,33.2945,45,9,960102,4018
1320,-82.4235,34.4086,45,1,950100,1056
1321,-80.5109,34.4031,45,55,970200,2073
1322,-81.5774,33.8445,45,3,20100,3025
1323,-82.417,34.4579,45,7,11501,2012
1324,-81.9208,33.5746,45,3,20500,2011
1325,-82.572,34.8205,45,77,10804,2004
1326,-81.0293,33.7701,45,17,950100,3014
1327,-80.3417,33.7173,45,27,960400,2065
1328,-81.8222,33.843,45,37,970300,1034
1329,-82.5448,34.3494,45,7,11600,2042
1330,-81.7647,33.493,45,3,22003,3000
1331,-80.9665,35.0223,45,91,61004,3001
1332,-80.9828,34.2572,45,39,960301,3047
1333,-80.7026,34.693,45,57,11001,3006
1334,-80.3044,34.4653,45,25,950800,2095
1335,-80.8114,33.7116,45,17,950202,1018
1336,-81.8813,33.6154,45,3,20301,2050
1337,-81.6208,33.6612,45,3,20200,1004
1338,-80.603,34.34,45,55,970604,2035
1339,-81.2122,34.9315,45,91,61401,2000
1340,-81.6594,34.3194,45,71,950502,1012
1341,-81.8204,33.4153,45,3,22003,1009
1342,-81.0537,34.1742,45,79,10200,3036
1343,-81.1736,33.7195,45,63,20904,1044
1344,-82.1993,34.4552,45,59,920201,1021
1345,-80.5716,34.2438,45,55,970601,2003
1346,-81.7084,33.7519,45,3,20200,4002
1347,-80.7986,33.9527,45,79,11902,1018
1348,-81.0068,33.5753,45,75,12000,4058
1349,-79.8473,34.7241,45,69,960100,1017
1350,-79.8874,34.1991,45,41,102,1006
1351,-81.1588,32.6948,45,49,920500,2011
1352,-82.4598,34.8745,45,45,3706,2012
1353,-82.1272,35.0823,45,83,22702,2058
1354,-82.1158,35.1393,45,83,22500,1084
1355,-82.0509,35.0769,45,83,22804,3002
1356,-79.1305,33.9202,45,51,70701,2003
1357,-80.9528,32.1916,45,13,2102,1097
1358,-80.9877,33.5825,45,75,12000,4044
1359,-81.7294,33.4807,45,3,21205,1028
1360,-79.9649,34.6918,45,25,950503,2001
1361,-79.5146,33.9843,45,41,1800,1000
1362,-82.3938,34.8977,45,45,2304,2000
1363,-80.2226,34.4861,45,25,950800,1005
1364,-80.7237,33.8786,45,79,12000,4009
1365,-81.837,34.9658,45,83,22201,3040
1366,-80.9909,34.6827,45,23,20700,2038
1367,-79.2757,34.2775,45,33,970500,2008
1368,-80.3981,33.9323,45,85,1701,1026
1369,-80.4204,33.9525,45,85,1803,2008
1370,-80.8459,33.7231,45,17,950202,1015
1371,-80.3643,33.8442,45,85,1902,3009
1372,-81.7904,33.823,45,37,970300,4055
1373,-81.8708,34.9452,45,83,22101,1003
1374,-81.7919,34.001,45,81,960201,1071
1375,-81.6586,33.826,45,81,960400,2119
1376,-81.1744,33.5873,45,75,11804,2038
1377,-81.7344,33.4964,45,3,21205,3013
1378,-82.4709,34.4113,45,7,11600,1037
1379,-81.5062,33.5976,45,3,21700,1104
1380,-81.8342,34.43,45,59,920900,1027
1381,-81.8171,34.5382,45,59,920600,1016
1382,-80.4006,34.0203,45,85,401,1034
1383,-80.8352,34.9682,45,57,11208,1000
1384,-81.8758,33.7381,45,37,970400,1033
1385,-81.4244,33.2987,45,11,970102,1095
1386,-83.0085,34.6125,45,73,30904,2021
1387,-81.3182,33.5143,45,75,11804,1016
1388,-80.6394,34.2429,45,55,970800,4012
1389,-79.5119,33.6817,45,89,970300,4039
1390,-80.1302,34.2764,45,31,10400,1043
1391,-80.8813,33.5312,45,75,10902,1027
1392,-82.1043,34.8854,45,83,23408,2005
1393,-80.6067,32.8746,45,29,970601,1038
1394,-80.2833,34.2116,45,61,920202,1005
1395,-82.5515,35.0991,45,45,4102,1020
1396,-80.9401,34.0676,45,79,11304,2003
1397,-80.9526,34.0748,45,79,11303,2007
1398,-80.9902,33.5609,45,75,12000,4063
1399,-79.4124,34.3401,45,33,970602,1040
1400,-81.904,34.4891,45,59,920700,1013
1401,-82.0425,34.2586,45,47,970602,3001
1402,-82.1691,34.2555,45,47,970201,4007
1403,-82.0675,35.1187,45,83,22407,2045
1404,-81.026,33.5322,45,75,11900,4018
1405,-80.3369,34.561,45,25,950800,2023
1406,-80.5748,33.6217,45,17,950400,1071
1407,-80.7781,34.2293,45,55,970401,2015
1408,-80.9494,33.5791,45,75,12000,4038
1409,-79.4375,33.8267,45,41,1902,3017
1410,-81.7746,34.3928,45,59,920900,3000
1411,-82.8417,34.9164,45,77,10201,2000
1412,-81.3001,33.4422,45,11,970102,1007
1413,-79.9104,34.6732,45,25,950602,3014
1414,-81.8245,34.8983,45,83,23901,1043
1415,-82.179,34.2677,45,47,970101,1000
1416,-81.8519,35.0015,45,83,22201,1001
1417,-81.8526,34.9371,45,83,22101,1014
1418,-82.6533,34.2306,45,1,950300,3016
1419,-82.8187,35.0637,45,77,10100,1013
1420,-81.4989,34.5696,45,87,30600,2070
1421,-79.5076,34.3272,45,33,970601,2035
1422,-81.3174,33.4054,45,11,970200,1013
1423,-80.7813,32.4916,45,13,200,1015
1424,-81.9521,34.4869,45,59,920302,2012
1425,-81.276,33.8749,45,63,20909,1003
1426,-81.9897,33.6819,45,37,970502,1006
1427,-80.4214,33.9479,45,85,1803,2010
1428,-81.4354,32.9688,45,5,970202,2033
1429,-81.2383,34.6517,45,23,20601,2022
1430,-81.0856,34.4631,45,39,960200,1102
1431,-82.5364,34.1961,45,1,950600,3008
1432,-81.6444,33.8976,45,81,960400,2023
1433,-79.9295,33.2089,45,15,20401,2033
1434,-81.0699,34.0746,45,79,10501,1037
1435,-80.893,33.968,45,79,11606,1020
1436,-80.9331,33.9643,45,79,11608,1047
1437,-82.1832,34.0352,45,47,970900,1029
1438,-80.5979,34.5246,45,57,10202,3044
1439,-82.1084,34.4835,45,59,920301,2002
1440,-82.262,34.4845,45,59,920201,1009
1441,-82.2216,35.0517,45,45,2403,3041
1442,-81.8258,33.7546,45,37,970400,2001
1443,-79.941,33.4917,45,89,970801,2058
1444,-81.6501,33.8585,45,81,960400,2081
1445,-81.0522,33.6607,45,75,12000,3008
1446,-81.451,34.1854,45,71,950603,2009
1447,-81.6705,33.6135,45,3,20200,2018
1448,-82.0823,35.071,45,83,22803,1021
1449,-80.9763,34.129,45,79,10105,1006
1450,-82.664,34.5394,45,7,1100,2011
1451,-81.0402,33.4251,45,75,11704,1004
1452,-81.221,34.8711,45,91,61401,2017
1453,-81.1333,33.4633,45,75,11802,1027
1454,-82.5261,35.1305,45,45,4102,1009
1455,-81.7269,33.7491,45,3,20200,4009
1456,-81.107,35.0965,45,91,61706,2021
1457,-82.4463,34.0598,45,65,920100,1016
1458,-82.0736,33.8336,45,37,970201,1081
1459,-81.7933,33.7204,45,37,970400,2045
1460,-80.6937,33.9258,45,79,12000,2008
1461,-81.1962,34.9143,45,91,61401,2003
1462,-81.4132,33.6344,45,3,21700,1066
1463,-79.5519,34.5946,45,69,960500,1014
1464,-82.3768,34.5298,45,45,3202,2011
1465,-80.8053,34.8261,45,57,11100,1000
1466,-80.1839,33.5783,45,27,960702,1012
1467,-81.9157,34.8146,45,83,23803,2022
1468,-83.066,34.8249,45,73,30100,1061
1469,-80.0071,34.6675,45,25,950702,1004
1470,-78.5956,33.8904,45,51,40104,1027
1471,-79.9102,34.2928,45,31,11202,2011
1472,-81.3946,33.908,45,63,21306,2031
1473,-80.8647,34.137,45,79,11425,2007
1474,-79.7894,34.7245,45,69,960100,3025
1475,-82.1923,34.2154,45,47,970303,1007
1476,-79.9929,33.0237,45,15,20724,1008
1477,-80.0495,34.5582,45,25,950701,1072
1478,-80.0675,34.2191,45,31,11500,1014
1479,-83.225,34.8,45,73,30100,3025
1480,-81.9976,34.6183,45,59,920501,1025
1481,-82.183,34.2276,45,47,970301,2003
1482,-82.0961,35.0223,45,83,22806,3008
1483,-82.1385,35.0319,45,83,22805,2007
1484,-83.1106,34.6254,45,73,31000,3034
1485,-81.2264,33.5636,45,75,11804,2033
1486,-81.2702,33.3993,45,11,970200,1026
1487,-81.903,34.8761,45,83,23804,1017
1488,-79.5364,34.6728,45,69,960400,3002
1489,-82.3836,34.9914,45,45,3902,3010
1490,-79.6075,34.7119,45,69,960400,1022
1491,-80.9989,33.4671,45,75,11600,5016
1492,-80.9931,32.5509,45,53,950100,1092
1493,-82.3583,34.7925,45,45,2901,1005
1494,-80.501,33.9873,45,85,201,2004
1495,-81.7043,33.9026,45,81,960400,1050
1496,-80.4133,33.8492,45,85,1903,1027
1497,-80.3973,33.8612,45,85,1903,1037
1498,-81.2172,34.1524,45,79,10313,1008
1499,-80.7782,33.7135,45,17,950202,2009
1500,-81.9036,33.6615,45,37,970400,1052
1501,-82.19,34.9191,45,83,23202,2000
1502,-81.7254,33.9885,45,81,960202,1009
1503,-80.6252,34.2905,45,55,970500,5031
1504,-81.1675,33.255,45,9,960300,1005
1505,-80.8567,34.3507,45,39,960302,2002
1506,-83.039,34.6477,45,73,31000,4046
1507,-80.0236,34.3386,45,31,10800,2005
1508,-80.4648,33.6422,45,27,960801,1020
1509,-82.0543,34.9403,45,83,23002,1034
1510,-81.9432,33.7098,45,37,970501,1000
1511,-82.2345,34.4804,45,59,920201,1019
1512,-81.4463,33.7676,45,3,20100,1017
1513,-81.5497,33.6835,45,3,20100,5066
1514,-81.3516,33.1292,45,11,970500,1037
1515,-80.2859,33.7901,45,85,1902,1003
1516,-81.8264,33.6861,45,37,970400,3008
1517,-80.2343,34.6878,45,25,950300,2057
1518,-80.7524,34.1126,45,55,970902,1023
1519,-81.579,33.4107,45,3,21902,2051
1520,-80.5468,33.4651,45,75,10400,1078
1521,-80.4378,33.4644,45,75,10302,1005
1522,-81.8062,33.6131,45,3,20304,1022
1523,-82.4865,34.6285,45,7,10404,1018
1524,-82.0177,35.1076,45,83,22404,1006
1525,-82.5616,34.8824,45,77,10603,1003
1526,-81.5619,34.9887,45,21,970602,1024
1527,-81.2477,33.7497,45,63,20904,1009
1528,-79.1581,34.0343,45,51,80101,2020
1529,-81.1617,34.0313,45,63,20506,2006
1530,-80.4058,34.1952,45,61,920401,2025
1531,-80.5913,34.257,45,55,970800,5005
1532,-81.8636,33.6343,45,3,20301,2040
1533,-82.1174,35.1891,45,83,22500,1000
1534,-82.7865,34.9518,45,77,10100,1114
1535,-81.3929,32.9687,45,5,970202,2037
1536,-80.6406,33.6955,45,17,950400,1040
1537,-80.6251,33.6584,45,17,950400,1077
1538,-81.5133,35.042,45,21,970503,1032
1539,-80.9258,34.1034,45,79,11411,3000
1540,-80.5361,34.1151,45,85,100,2025
1541,-81.8529,33.6591,45,37,970400,3024
1542,-81.9702,33.6703,45,37,970501,1011
1543,-82.8194,34.6567,45,77,11202,2030
1544,-80.1164,34.519,45,25,950701,3038
1545,-81.7739,33.4889,45,3,22003,3000
1546,-81.7799,33.8788,45,81,960400,1069
1547,-82.1797,34.6444,45,59,920104,1031
1548,-81.783,33.8528,45,81,960400,1073
1549,-83.2517,34.7746,45,73,30100,3045
1550,-80.8008,32.629,45,13,100,2055
1551,-80.4038,34.6763,45,25,950200,3019
1552,-80.0337,33.4467,45,15,20202,2007
1553,-81.2847,33.1077,45,5,970500,1007
1554,-81.06,33.2943,45,9,960202,2009
1555,-81.6787,33.6979,45,3,20200,3011
1556,-80.5453,34.6313,45,57,10201,1008
1557,-82.151,34.7631,45,59,920106,1004
1558,-81.9503,34.9669,45,83,21600,1042
1559,-81.984,33.7292,45,37,970204,1021
1560,-80.9866,33.5762,45,75,12000,4044
1561,-79.975,34.4339,45,31,10200,4015
1562,-80.6031,34.082,45,85,100,1020
1563,-81.1199,34.0161,45,63,20506,2052
1564,-81.5691,33.6523,45,3,20100,5081
1565,-79.8084,34.3005,45,31,11302,2036
1566,-80.5342,33.7233,45,85,1801,2098
1567,-82.1048,34.2734,45,47,970201,1023
1568,-80.9125,33.4608,45,75,11500,1007
1569,-80.9218,35.0374,45,91,61008,3009
1570,-80.9473,34.8678,45,91,61203,4021
1571,-81.1991,34.681,45,23,20601,2011
1572,-81.8279,34.7681,45,83,23806,1001
1573,-82.4415,34.6041,45,7,10406,2001
1574,-81.8545,33.8266,45,37,970203,2001
1575,-80.6527,33.9609,45,79,12000,1020
1576,-81.5292,33.6351,45,3,21700,1091
1577,-81.487,33.644,45,3,21700,1047
1578,-80.8321,33.7602,45,17,950202,1011
1579,-80.3458,34.4873,45,55,970100,1015
1580,-82.5104,34.0855,45,1,950600,1010
1581,-81.2596,35.0537,45,91,61504,3030
1582,-81.308,33.7385,45,63,20911,1036
1583,-81.0582,33.5641,45,75,11900,4002
1584,-79.9415,34.4197,45,31,10100,1021
1585,-80.8679,33.5617,45,75,10803,2034
1586,-81.8287,33.6181,45,3,20301,2032
1587,-80.9274,33.4716,45,75,11500,4020
1588,-80.9809,33.8058,45,17,950100,3024
1589,-81.3353,33.9091,45,63,21306,2002
1590,-81.2803,33.9777,45,63,21028,1001
1591,-81.8652,34.9887,45,83,22201,2013
1592,-82.0385,34.8863,45,83,23402,1012
1593,-80.8348,33.0159,45,29,970100,2075
1594,-80.8292,34.117,45,79,11407,2045
1595,-83.0587,34.9036,45,73,30100,1072
1596,-81.2197,33.636,45,3,21800,2090
1597,-80.2404,34.1444,45,61,920500,2004
1598,-82.1257,33.6019,45,65,920300,2144
1599,-80.7559,33.918,45,79,11902,2033
1600,-80.8188,33.9409,45,79,11902,2016
1601,-80.9948,32.5408,45,53,950100,1092
1602,-83.0698,34.5433,45,73,30901,2010
1603,-80.8977,33.6386,45,17,950100,2061
1604,-80.8369,34.8607,45,57,11209,3030
1605,-82.0955,35.1493,45,83,22407,2001
1606,-80.7941,33.703,45,17,950202,2001
1607,-81.5014,35.0325,45,21,970503,1033
1608,-81.3604,33.4027,45,11,970102,1018
1609,-83.0101,34.9224,45,73,30201,1031
1610,-82.0197,34.6226,45,59,920501,1025
1611,-79.7311,34.7039,45,69,960302,1056
1612,-82.5596,34.5432,45,7,10406,1036
1613,-80.8759,34.1769,45,79,11422,1003
1614,-82.3846,34.9557,45,45,2701,1043
1615,-81.8551,34.3707,45,59,920900,3031
1616,-82.0895,34.0775,45,47,971000,2014
1617,-82.5676,34.1509,45,1,950600,3017
1618,-81.6508,33.9609,45,81,960400,1003
1619,-80.9234,33.4735,45,75,11500,4020
1620,-80.3115,34.6613,45,25,950200,1031
1621,-81.1651,34.296,45,39,960502,1006
1622,-80.9337,33.9625,45,79,11608,1047
1623,-81.1276,34.0723,45,79,10304,3050
1624,-82.1243,34.6266,45,59,920108,1008
1625,-81.2305,34.6656,45,23,20601,2021
1626,-81.9125,35.0673,45,83,22411,1015
1627,-80.1992,34.4028,45,31,10200,1025
1628,-80.1938,34.3954,45,31,10200,1024
1629,-81.1355,33.3392,45,9,960101,1012
1630,-80.6591,33.6763,45,17,950400,1046
1631,-81.6853,34.7525,45,87,30402,2035
1632,-82.6574,35.0464,45,77,10100,3022
1633,-80.7397,34.2472,45,55,970401,1007
1634,-81.4543,34.2297,45,71,950601,1011
1635,-82.999,34.9053,45,73,30201,1036
1636,-80.3513,33.5748,45,27,960802,2008
1637,-80.0338,33.1076,45,15,20601,1006
1638,-82.1467,34.7604,45,59,920106,1005
1639,-80.688,34.5215,45,57,10300,4082
1640,-82.0365,34.9757,45,83,21904,1029
1641,-81.2342,34.6518,45,23,20601,2022
1642,-82.4224,34.7329,45,45,3500,1041
1643,-82.1223,35.0039,45,83,22805,2020
1644,-82.29,33.8785,45,65,920200,5023
1645,-80.6997,33.5974,45,17,950400,2045
1646,-81.8179,33.8498,45,37,970300,1000
1647,-80.7428,34.0001,45,79,11902,4000
1648,-82.083,34.5952,45,59,920108,2066
1649,-80.9563,34.0371,45,79,11306,4000
1650,-81.0292,33.7871,45,17,950100,3022
1651,-81.3104,33.6884,45,3,21700,4008
1652,-80.1717,34.7336,45,25,950402,2059
1653,-81.8517,33.7551,45,37,970400,1004
1654,-80.798,34.806,45,57,11100,3013
1655,-81.0723,33.4896,45,75,11900,1060
1656,-82.2058,34.9621,45,83,23201,3016
1657,-83.1435,34.8271,45,73,30100,2052
1658,-81.3572,33.9595,45,63,21306,1011
1659,-82.1068,34.8675,45,83,23408,2012
1660,-80.1825,34.3863,45,31,10200,1024
1661,-80.1983,34.019,45,61,920500,1042
1662,-81.8703,34.963,45,83,21303,1072
1663,-81.0807,32.7011,45,53,950100,1030
1664,-80.0313,33.1074,45,15,20601,1006
1665,-80.8887,34.0764,45,79,11412,2001
1666,-82.8189,35.0608,45,77,10100,1012
1667,-82.3705,34.9601,45,45,2703,1003
1668,-79.0597,34.1991,45,51,10100,1057
1669,-82.222,35.12,45,45,2404,1040
1670,-78.7133,33.8236,45,51,40400,1060
1671,-81.8286,35.0987,45,83,22306,2005
1672,-79.3352,34.1114,45,67,950600,2060
1673,-81.6043,35.0852,45,21,970302,4031
1674,-80.953,33.5879,45,75,12000,4032
1675,-80.5105,33.5431,45,17,950400,2055
1676,-81.1569,32.8924,45,49,920100,3000
1677,-79.8954,34.5932,45,25,950601,2006
1678,-82.3904,34.8986,45,45,2304,2003
1679,-81.1883,34.0639,45,63,21109,2004
1680,-80.6633,33.9326,45,79,12000,2004
1681,-81.7025,33.9418,45,81,960400,1010
1682,-81.5945,34.0188,45,81,960302,2061
1683,-81.2362,34.7321,45,23,20400,1054
1684,-81.2662,34.664,45,23,20601,1026
1685,-82.3877,34.8987,45,45,2304,2003
1686,-81.174,33.5152,45,75,11900,1045
1687,-79.9863,33.0225,45,15,20724,1008
1688,-80.4254,33.8842,45,85,1703,3017
1689,-80.3366,33.9626,45,85,700,1011
1690,-81.2204,33.061,45,5,970500,1051
1691,-81.85,34.9535,45,83,22102,1004
1692,-81.0833,33.065,45,9,960400,2084
1693,-79.8625,34.7235,45,69,960100,1011
1694,-81.7504,34.1328,45,81,960100,1014
1695,-82.0019,33.6086,45,37,970502,1030
1696,-81.9151,35.0645,45,83,22411,1014
1697,-81.0919,33.6611,45,75,12000,2010
1698,-82.2464,34.4569,45,59,920201,1024
1699,-80.7033,34.3105,45,55,970401,4010
1700,-80.0321,33.163,45,15,20505,2044
1701,-80.4204,34.0648,45,85,401,1001
1702,-80.653,34.3208,45,55,970604,2089
1703,-81.1515,34.3418,45,39,960501,1035
1704,-81.2202,34.4063,45,39,960200,3029
1705,-81.6132,34.726,45,87,30100,2031
1706,-81.6744,34.3223,45,71,950300,3039
1707,-82.0204,34.2253,45,47,970701,1012
1708,-82.6598,34.723,45,7,10601,1025
1709,-81.5761,33.8009,45,3,20100,4018
1710,-81.2188,33.0577,45,5,970500,1085
1711,-81.2462,33.9796,45,63,21029,2019
1712,-82.4052,35.0752,45,45,4003,1005
1713,-82.4919,35.0567,45,45,4101,3010
1714,-82.5872,34.7749,45,77,10901,1008
1715,-80.614,33.0733,45,35,10100,2073
1716,-80.9579,34.0487,45,79,11306,1018
1717,-81.8679,33.583,45,3,20601,2000
1718,-81.2422,33.9292,45,63,21035,1014
1719,-80.481,34.3563,45,55,970604,1012
1720,-79.7428,33.5412,45,89,970801,1046
1721,-81.8544,33.7781,45,37,970300,2033
1722,-82.5563,34.8789,45,77,10603,1016
1723,-80.0923,33.0929,45,15,20712,2011
1724,-81.2091,34.9257,45,91,61401,2001
1725,-80.703,34.7424,45,57,11002,1020
1726,-80.7019,33.5125,45,75,10700,1060
1727,-80.8253,33.6303,45,17,950202,3060
1728,-81.3505,33.8809,45,63,21311,1012
1729,-81.3733,33.9349,45,63,21306,1044
1730,-80.993,33.8146,45,17,950100,3026
1731,-80.8647,33.5419,45,75,11000,1003
1732,-80.9437,34.1309,45,79,11421,2001
1733,-81.889,34.8886,45,83,23804,1006
1734,-81.1281,33.8331,45,63,20807,1009
1735,-81.7821,33.8328,45,37,970300,4019
1736,-81.381,33.8341,45,63,21311,1057
1737,-80.893,33.9698,45,79,11606,1002
1738,-81.99,33.7353,45,37,970204,1021
1739,-81.9374,35.0464,45,83,22411,2043
1740,-81.1185,33.9623,45,63,20602,2019
1741,-80.3709,34.2772,45,61,920201,2000
1742,-79.173,34.0174,45,51,80101,2029
1743,-82.0262,34.5178,45,59,920504,3044
1744,-80.8932,33.5584,45,75,10902,1024
1745,-79.2975,34.1181,45,67,950600,1001
1746,-82.4447,35.1347,45,45,4004,2027
1747,-80.842,33.6678,45,17,950202,3008
1748,-81.7547,33.5055,45,3,21201,2037
1749,-79.6059,34.3885,45,69,960600,2090
1750,-80.3316,34.5278,45,25,950800,2030
1751,-80.3369,34.7132,45,25,950200,1003
1752,-80.0829,34.5684,45,25,950702,2072
1753,-82.109,33.7016,45,37,970201,2036
1754,-80.4136,34.6434,45,25,950200,4004
1755,-81.4386,33.0609,45,5,970202,1095
1756,-81.8035,35.0751,45,21,970102,2033
1757,-81.1451,34.7246,45,23,20602,1045
1758,-81.0438,33.0452,45,29,970200,1090
1759,-82.0791,34.7411,45,83,23500,3039
1760,-82.1702,34.8162,45,83,23405,3018
1761,-81.1814,33.3582,45,9,960101,2019
1762,-81.2967,33.9973,45,63,21046,1018
1763,-79.7448,33.5432,45,89,970801,1046
1764,-82.3425,34.9488,45,45,2703,1019
1765,-81.7735,33.7929,45,37,970300,2041
1766,-81.8916,33.6266,45,37,970501,2008
1767,-81.1192,34.6403,45,23,20602,2058
1768,-81.9928,33.6966,45,37,970502,1004
1769,-80.7252,34.2458,45,55,970401,1023
1770,-80.9783,33.4624,45,75,11600,4019
1771,-82.6031,34.9292,45,77,10502,1005
1772,-81.7247,33.6826,45,3,20200,4031
1773,-81.1995,34.2707,45,39,960502,2014
1774,-82.023,34.4173,45,59,920302,2061
1775,-80.9084,35.0601,45,91,61008,2010
1776,-82.4324,34.9784,45,45,3905,2003
1777,-82.5706,34.987,45,77,10501,2005
1778,-82.1008,34.9276,45,83,23104,3096
1779,-81.9081,33.4144,45,3,20901,1034
1780,-81.5659,33.4145,45,3,21902,2049
1781,-81.6685,34.337,45,71,950502,1000
1782,-81.2324,35.0469,45,91,61504,3013
1783,-79.6628,33.6829,45,89,970501,2000
1784,-80.8829,34.8436,45,91,61203,2007
1785,-79.8133,34.3735,45,31,10100,3033
1786,-80.0681,34.3861,45,31,10300,3031
1787,-81.7851,34.3548,45,71,950700,1000
1788,-79.8601,34.7758,45,69,960100,2022
1789,-81.5544,34.9987,45,21,970602,1010
1790,-81.7581,35.1518,45,21,970101,1046
1791,-80.4994,33.0885,45,35,10301,1056
1792,-81.2509,33.8379,45,63,20906,1013
1793,-82.1201,35.1826,45,83,22500,1015
1794,-81.9311,34.856,45,83,23804,1025
1795,-80.8654,33.9434,45,79,11901,3007
1796,-82.3485,34.7714,45,45,2901,1071
1797,-80.1531,34.2953,45,61,920100,1059
1798,-81.1086,32.4455,45,53,950100,4033
1799,-81.988,33.7342,45,37,970204,1021
1800,-80.4197,34.6494,45,25,950200,4004
1801,-80.6754,33.8739,45,79,12000,3053
1802,-79.3663,34.1721,45,67,950600,2022
1803,-81.9933,34.609,45,59,920501,1032
1804,-81.1069,34.4511,45,39,960200,1102
1805,-79.0666,33.8177,45,51,70500,1067
1806,-80.3044,34.776,45,25,950102,2040
1807,-82.2965,34.2355,45,1,950402,1035
1808,-81.2843,34.3797,45,39,960100,2005
1809,-79.88,34.5551,45,25,950601,2020
1810,-81.6995,35.1258,45,21,970204,1024
1811,-81.6752,34.2261,45,71,950700,3064
1812,-81.1631,33.8789,45,63,20905,2005
1813,-80.8036,33.7108,45,17,950202,2009
1814,-82.1963,34.7148,45,45,3101,3005
1815,-81.0049,33.6243,45,75,12000,4010
1816,-81.4875,34.5993,45,87,30600,2012
1817,-80.9763,33.5158,45,75,11900,3000
1818,-81.133,33.4978,45,75,11802,1004
1819,-79.5268,33.8885,45,41,1901,1048
1820,-82.0549,34.551,45,59,920504,1005
1821,-81.4343,33.8574,45,63,21307,1039
1822,-82.498,34.9918,45,45,3903,3014
1823,-80.4616,33.8853,45,85,1801,1013
1824,-81.273,32.936,45,5,970500,4019
1825,-80.5926,33.5858,45,17,950400,2009
1826,-82.0569,34.7466,45,83,23500,3028
1827,-82.1509,34.8097,45,83,23405,3021
1828,-80.8815,33.5527,45,75,10902,1027
1829,-82.2177,34.1721,45,47,970402,2015
1830,-79.2177,33.4481,45,43,920400,2055
1831,-79.5508,33.4631,45,43,920202,2000
1832,-82.0156,34.8965,45,83,22005,2012
1833,-81.2241,34.6675,45,23,20601,2021
1834,-80.4935,34.4552,45,55,970200,2045
1835,-81.9807,33.6109,45,37,970502,1030
1836,-79.9743,34.4898,45,31,10100,1007
1837,-80.0487,34.3959,45,31,10300,4011
1838,-82.5798,34.6595,45,7,10501,2000
1839,-80.3299,34.3285,45,61,920201,1020
1840,-81.9004,34.4211,45,59,920800,2037
1841,-80.8691,34.9077,45,57,11209,2035
1842,-80.8509,34.6425,45,57,10400,1013
1843,-81.7582,33.5028,45,3,21201,1027
1844,-80.879,33.529,45,75,11000,2000
1845,-82.8499,34.8588,45,77,10202,3020
1846,-80.3831,34.3209,45,55,970100,1084
1847,-80.912,33.9442,45,79,11607,2036
1848,-80.9627,34.0221,45,79,11306,4058
1849,-81.4869,33.7341,45,3,20100,1037
1850,-80.6602,33.4026,45,75,10500,4015
1851,-81.9702,35.1111,45,83,22408,1030
1852,-79.7556,34.3222,45,31,11302,2041
1853,-81.2358,33.8397,45,63,20906,2007
1854,-82.0292,34.8879,45,83,23402,1006
1855,-80.7053,33.1221,45,29,970100,1010
1856,-78.8955,33.7225,45,51,50102,1020
1857,-81.4884,33.6209,45,3,21700,1109
1858,-80.9116,33.9666,45,79,11606,3023
1859,-82.6968,34.3506,45,7,12200,4063
1860,-81.7348,34.2819,45,71,950700,2013
1861,-80.9991,32.603,45,53,950100,1086
1862,-81.9742,33.6393,45,37,970501,1021
1863,-80.8648,34.8445,45,57,11209,3027
1864,-80.2175,34.2273,45,61,920302,2016
1865,-80.4673,34.3231,45,55,970603,2028
1866,-80.9428,33.5801,45,75,10902,1013
1867,-81.7101,34.9338,45,21,970700,2021
1868,-80.916,34.9096,45,91,61202,1015
1869,-79.5823,34.6946,45,69,960400,2005
1870,-80.1166,34.6978,45,25,950402,2035
1871,-80.8454,34.8927,45,57,11209,2005
1872,-80.0164,34.7144,45,25,950501,2040
1873,-81.9296,33.6929,45,37,970400,1046
1874,-82.3653,34.9426,45,45,2701,2005
1875,-79.6703,34.747,45,69,960302,1008
1876,-79.7562,34.7437,45,69,960100,3011
1877,-79.7894,34.7592,45,69,960100,2054
1878,-80.6504,32.8597,45,29,970602,1040
1879,-79.9087,34.2404,45,31,10901,3010
1880,-81.7622,34.3566,45,71,950300,3023
1881,-80.944,34.1826,45,79,10107,2007
1882,-81.3684,33.8983,45,63,21307,1010
1883,-79.3503,34.4674,45,33,970200,3033
1884,-81.5475,33.9377,45,81,960301,3033
1885,-81.0017,33.8604,45,17,950100,4004
1886,-82.98,34.5718,45,73,30903,1011
1887,-81.7244,33.83,45,37,970300,4009
1888,-81.1803,33.2901,45,9,960102,1033
1889,-80.4012,34.2279,45,61,920201,2069
1890,-82.6569,35.053,45,77,10100,3022
1891,-79.8918,34.7658,45,69,960100,1010
1892,-81.2228,34.0083,45,63,21032,2014
1893,-81.5962,33.4427,45,3,21902,2041
1894,-80.856,34.6421,45,57,10400,1013
1895,-80.6251,34.8149,45,57,10100,1005
1896,-81.6903,33.7644,45,3,20100,2009
1897,-82.1412,35.058,45,83,22702,1001
1898,-81.1219,33.5043,45,75,11900,1066
1899,-81.4309,33.1567,45,11,970500,1027
1900,-82.4536,34.6704,45,45,3301,3033
1901,-81.3108,33.15,45,11,970500,2008
1902,-81.2623,33.1603,45,11,970500,2001
1903,-80.7645,33.6455,45,17,950201,1049
1904,-81.0503,33.6273,45,75,12000,2047
1905,-81.2293,33.9767,45,63,21030,1001
1906,-80.6336,34.218,45,55,970403,1007
1907,-80.0822,33.101,45,15,20712,1007
1908,-80.7251,34.6905,45,57,10600,2000
1909,-79.7816,34.3987,45,31,10100,3006
1910,-81.5414,33.7213,45,3,20100,5020
1911,-80.0934,33.7318,45,27,960300,2055
1912,-82.2856,34.8466,45,45,2805,3007
1913,-82.4134,35.1015,45,45,4004,2030
1914,-81.3189,33.5812,45,3,21800,1018
1915,-81.8149,33.4101,45,3,22003,1009
1916,-81.5758,33.6393,45,3,20200,1010
1917,-80.9208,33.5592,45,75,10902,1017
1918,-82.4059,34.9383,45,45,2701,1041
1919,-80.7309,33.659,45,17,950201,1058
1920,-80.8131,33.6159,45,17,950202,3062
1921,-78.915,34.0578,45,51,20302,3037
1922,-82.2201,34.2522,45,47,970102,4008
1923,-82.0785,34.5974,45,59,920108,2062
1924,-81.0225,33.7783,45,17,950100,3014
1925,-80.3571,34.6705,45,25,950200,1015
1926,-82.2728,34.6744,45,45,3016,1021
1927,-82.8032,34.4449,45,7,11001,1024
1928,-81.8383,33.698,45,37,970400,3008
1929,-80.533,33.7998,45,85,1801,2048
1930,-79.7012,33.8152,45,41,2202,3049
1931,-80.0309,34.7515,45,25,950401,1050
1932,-80.8026,34.8936,45,57,11209,3003
1933,-81.3911,33.4428,45,11,970101,2010
1934,-82.4768,34.5672,45,7,10406,2040
1935,-81.2218,34.7398,45,23,20400,1056
1936,-82.0231,33.6132,45,37,970502,1030
1937,-81.065,33.4911,45,75,11900,3028
1938,-82.7941,34.3903,45,7,12200,4003
1939,-79.4144,34.5101,45,33,970100,2000
1940,-82.1712,34.8904,45,83,23202,2084
1941,-80.5,32.6112,45,29,970800,2029
1942,-81.744,33.5257,45,3,21201,4053
1943,-81.6698,33.8328,45,81,960400,3032
1944,-81.6863,33.8359,45,81,960400,3035
1945,-81.6506,33.4992,45,3,22001,3005
1946,-82.1225,34.0687,45,47,971000,2007
1947,-79.8603,33.5785,45,89,970801,1030
1948,-81.8497,33.8881,45,81,960201,4063
1949,-81.8748,33.6468,45,37,970400,3027
1950,-80.4667,34.5574,45,55,970200,1030
1951,-80.684,34.3602,45,55,970300,2047
1952,-79.239,34.174,45,67,950500,3019
1953,-81.2123,33.9923,45,63,21031,2011
1954,-80.9858,33.7107,45,17,950100,2005
1955,-82.7829,34.4032,45,7,12200,4002
1956,-82.0222,34.1064,45,47,971000,1008
1957,-80.9325,34.9914,45,91,61103,2001
1958,-80.926,34.9117,45,91,61202,1021
1959,-81.3684,33.4607,45,11,970101,2009
1960,-82.4338,35.111,45,45,4004,2030
1961,-80.9482,33.9176,45,79,11702,1018
1962,-81.9805,34.624,45,59,920501,1029
1963,-80.7801,33.4945,45,75,10700,2003
1964,-81.0839,33.7007,45,63,20802,2041
1965,-79.9522,33.5049,45,89,970801,2058
1966,-81.8409,33.8073,45,37,970300,2026
1967,-82.6805,34.5905,45,7,10601,2025
1968,-81.1006,33.5828,45,75,11900,2001
1969,-81.8056,33.5767,45,3,20304,2047
1970,-80.3774,34.5322,45,55,970200,1102
1971,-80.1881,33.5767,45,27,960702,1012
1972,-81.7017,35.054,45,21,970201,3083
1973,-81.0628,33.8468,45,63,20705,2032
1974,-79.1558,33.9521,45,51,80200,2010
1975,-80.0844,34.2605,45,31,11500,1009
1976,-81.434,33.804,45,63,21312,1024
1977,-82.2452,34.9781,45,45,2507,1004
1978,-81.4595,33.8004,45,63,21403,2041
1979,-83.1342,34.7833,45,73,30100,3030
1980,-81.563,33.775,45,3,20100,5000
1981,-81.2634,32.7752,45,49,920401,2023
1982,-80.8708,34.8453,45,91,61202,2036
1983,-79.536,34.6546,45,69,960400,4011
1984,-82.1733,35.1399,45,83,22500,3031
1985,-81.8643,33.7974,45,37,970203,2007
1986,-79.3173,33.3768,45,43,920602,1029
1987,-80.8151,33.6907,45,17,950202,2012
1988,-80.686,33.5594,45,17,950400,4031
1989,-81.0027,33.7206,45,17,950100,2003
1990,-82.3009,34.6484,45,45,3204,1002
1991,-81.8283,34.8102,45,83,23805,1045
1992,-81.7778,34.7883,45,87,30700,1007
1993,-81.9613,34.5605,45,59,920501,1070
1994,-81.5783,33.8404,45,3,20100,3025
1995,-81.3361,34.1625,45,63,21204,2054
1996,-81.0437,33.839,45,63,20705,1003
1997,-81.3463,33.7513,45,63,20911,1020
1998,-82.214,34.9527,45,83,23301,1038
1999,-79.4404,33.5815,45,89,970400,3013
2000,-79.7855,33.4317,45,89,970801,3046
2001,-82.1709,34.2682,45,47,970201,4006
2002,-81.8061,34.9151,45,83,23901,1008
2003,-81.8887,34.621,45,83,23700,2015
2004,-81.4924,34.7514,45,87,30900,2143
2005,-81.408,33.3598,45,11,970102,2046
2006,-81.9176,33.6935,45,37,970400,1046
2007,-81.1529,34.8048,45,23,20400,2021
2008,-81.0887,34.2486,45,39,960501,2021
2009,-81.8498,34.949,45,83,22102,1032
2010,-81.5756,33.9343,45,81,960301,3028
2011,-82.7175,34.7072,45,77,11003,2043
2012,-81.9761,33.6242,45,37,970502,1030
2013,-81.0613,33.1594,45,9,960400,2007
2014,-81.6583,34.1961,45,71,950700,3088
2015,-80.8647,34.1591,45,79,11424,1012
2016,-80.7588,33.4624,45,75,10700,2025
2017,-81.7997,33.7901,45,37,970300,3054
2018,-81.8135,33.7203,45,37,970400,2021
2019,-82.0007,33.6133,45,37,970502,1030
2020,-81.8882,34.9441,45,83,21302,1004
2021,-82.2041,34.8246,45,45,2814,4007
2022,-81.7931,35.0475,45,21,970102,3032
2023,-80.6266,34.288,45,55,970500,5025
2024,-80.0803,34.4098,45,31,10300,2013
2025,-82.5147,34.8413,45,77,10604,1006
2026,-82.4545,34.4995,45,7,11402,3037
2027,-81.4506,33.4583,45,3,21902,1011
2028,-81.1161,34.4548,45,39,960200,1102
2029,-81.7728,33.6818,45,3,20301,1012
2030,-81.9903,34.6148,45,59,920501,1032
2031,-81.6206,34.7499,45,87,30401,1046
2032,-79.9666,33.0301,45,15,20724,1001
2033,-82.4556,35.031,45,45,3903,1003
2034,-82.672,34.7646,45,77,11003,1008
2035,-82.0076,35.1088,45,83,22408,1038
2036,-80.6802,33.5876,45,17,950400,2043
2037,-82.4069,35.1394,45,45,2404,3013
2038,-82.4843,34.8524,45,45,3705,2015
2039,-80.5991,34.2868,45,55,970500,1011
2040,-80.7683,33.883,45,79,12000,4002
2041,-82.4031,34.3977,45,1,950100,1068
2042,-81.7477,33.5401,45,3,21202,1000
2043,-80.0807,34.5333,45,25,950701,2024
2044,-82.4207,34.2769,45,1,950200,3034
2045,-79.9659,33.5142,45,89,970700,3059
2046,-79.7537,33.033,45,15,20405,1013
2047,-80.6512,33.6663,45,17,950400,1046
2048,-79.6275,34.6726,45,69,960400,1059
2049,-80.8213,34.1319,45,79,11407,2005
2050,-81.5699,35.0161,45,21,970602,1007
2051,-81.2672,33.9274,45,63,21037,1009
2052,-81.1683,33.9153,45,63,21052,2003
2053,-81.1352,33.8335,45,63,20806,1018
2054,-80.8741,34.0838,45,79,11413,3024
2055,-80.8801,34.1006,45,79,11413,4000
2056,-80.3775,34.1421,45,61,920401,1000
2057,-81.171,33.5231,45,75,11900,1022
2058,-79.6058,34.1508,45,41,501,2015
2059,-81.9259,35.1712,45,83,22304,3003
2060,-80.9931,33.6957,45,17,950100,2010
2061,-83.0148,34.6868,45,73,30601,1023
2062,-82.2103,34.6608,45,45,3103,1007
2063,-82.8503,34.8752,45,77,10201,1000
2064,-82.1619,34.2305,45,47,970202,4001
2065,-81.1143,33.9455,45,63,980100,1003
2066,-82.0149,34.6158,45,59,920501,1025
2067,-79.9142,34.6071,45,25,950602,2042
2068,-79.5205,34.6211,45,69,960500,1000
2069,-82.7739,34.8484,45,77,10301,1015
2070,-79.6292,33.837,45,41,2000,4038
2071,-79.5759,34.0239,45,41,1700,2031
2072,-81.2656,33.334,45,11,970200,4020
2073,-82.0859,35.1901,45,83,22408,3009
2074,-81.6905,34.1587,45,81,960100,2002
2075,-82.0081,34.624,45,59,920501,1025
2076,-80.6821,33.4648,45,75,10700,1056
2077,-81.0918,33.4272,45,75,11801,1076
2078,-81.6564,33.8292,45,81,960400,2119
2079,-82.867,34.9002,45,77,10201,2041
2080,-79.7485,34.7517,45,69,960100,3011
2081,-81.4257,33.3862,45,11,970102,2007
2082,-81.4492,33.3299,45,11,970102,2059
2083,-80.37,33.9168,45,85,1300,1022
2084,-81.6761,33.8629,45,81,960400,3000
2085,-82.1734,35.1209,45,83,22500,3052
2086,-81.3007,33.967,45,63,21023,1002
2087,-79.8946,34.7707,45,69,960100,1003
2088,-81.8077,33.7847,45,37,970300,2039
2089,-81.1672,34.0722,45,63,21112,1031
2090,-81.8506,35.1312,45,83,22306,1000
2091,-80.672,33.673,45,17,950400,1084
2092,-81.101,34.4762,45,39,960200,1098
2093,-81.3107,34.0154,45,63,21046,1000
2094,-80.9071,33.4355,45,75,11600,2009
2095,-82.4475,35.0524,45,45,4003,1031
2096,-80.8807,34.1878,45,79,10104,1017
2097,-80.9244,33.6576,45,17,950100,1041
2098,-80.8997,33.6796,45,17,950100,1027
2099,-82.2663,33.9202,45,65,920200,2045
2100,-80.8292,33.9542,45,79,11902,1003
2101,-81.9047,34.49,45,59,920700,1013
2102,-81.4924,33.771,45,3,20100,1015
2103,-81.3993,33.6232,45,3,21700,1071
2104,-80.6413,34.2498,45,55,970500,4045
2105,-81.4203,35.0182,45,91,61900,1018
2106,-81.1798,32.5303,45,53,950100,4004
2107,-81.0487,33.8449,45,63,20705,2002
2108,-80.7181,34.6994,45,57,11001,3007
2109,-79.7482,34.6443,45,69,960302,2024
2110,-81.2364,33.5336,45,75,11804,2056
2111,-79.7425,34.3229,45,31,11302,2026
2112,-81.4805,34.8836,45,21,970700,1025
2113,-80.6922,32.6218,45,13,100,2062
2114,-82.4433,34.925,45,45,3803,1014
2115,-80.9043,34.1212,45,79,11419,2005
2116,-81.7902,33.468,45,3,22003,3008
2117,-79.4189,33.8913,45,41,1901,1011
2118,-81.3343,32.7601,45,49,920401,2018
2119,-82.4486,35.1071,45,45,4004,2039
2120,-80.2684,34.3084,45,61,920201,1026
2121,-82.3841,34.3094,45,1,950200,3028
2122,-80.9803,33.4607,45,75,11600,4019
2123,-81.0893,33.5091,45,75,11900,1057
2124,-82.185,34.1593,45,47,970402,1018
2125,-82.3988,34.2117,45,1,950402,1021
2126,-80.8737,34.7443,45,57,11100,1047
2127,-79.5755,33.9161,45,41,1800,3011
2128,-81.0021,33.7874,45,17,950100,3036
2129,-81.2597,33.3726,45,11,970200,3004
2130,-79.9167,34.6706,45,25,950602,2017
2131,-82.3423,34.8767,45,45,1805,4008
2132,-80.568,33.9627,45,85,201,1067
2133,-80.2489,33.017,45,35,10503,2000
2134,-81.8079,35.0571,45,83,22306,4037
2135,-82.0516,34.7903,45,83,23500,1026
2136,-81.4978,33.8868,45,63,21403,1004
2137,-81.5042,34.2064,45,71,950601,1067
2138,-81.083,34.0385,45,79,10412,2037
2139,-82.2319,34.1509,45,47,970402,3007
2140,-79.3518,34.4717,45,33,970200,3033
2141,-81.1964,34.0668,45,63,21116,2009
2142,-81.754,33.8218,45,37,970300,4025
2143,-81.0926,33.0496,45,9,960400,2111
2144,-83.015,34.8166,45,73,30302,2030
2145,-81.1388,33.8907,45,63,20708,1001
2146,-81.1352,33.7775,45,63,20803,2023
2147,-81.4466,34.6421,45,87,30600,2002
2148,-82.0315,35.186,45,83,22408,3003
2149,-79.7966,34.275,45,31,11301,1015
2150,-82.5773,34.7278,45,7,10108,1037
2151,-82.0256,34.4148,45,59,920302,2061
2152,-80.9597,33.4218,45,75,11704,1010
2153,-81.0366,33.4449,45,75,11704,1003
2154,-81.1483,35.0336,45,91,61506,1015
2155,-80.4849,33.4896,45,75,10305,1020
2156,-82.5217,35.123,45,45,4004,1040
2157,-80.894,34.2758,45,39,960302,2022
2158,-80.0409,33.1137,45,15,20601,1027
2159,-81.058,34.0733,45,79,10701,3020
2160,-82.2731,33.9894,45,65,920200,2001
2161,-80.7638,34.2085,45,55,970907,2014
2162,-81.5705,33.7973,45,3,20100,4018
2163,-81.234,33.622,45,3,21800,2103
2164,-80.9146,33.7402,45,17,950100,1010
2165,-81.2597,33.9587,45,63,21040,1004
2166,-81.4196,33.7233,45,3,21700,1012
2167,-81.3092,35.0911,45,91,61701,2027
2168,-81.8466,33.847,45,37,970203,1105
2169,-80.9387,35.034,45,91,61101,1006
2170,-81.0551,33.5071,45,75,11900,3014
2171,-81.3738,33.9531,45,63,21306,1025
2172,-80.8612,33.5692,45,75,10803,2030
2173,-79.7564,34.2989,45,31,11301,1003
2174,-81.776,35.0388,45,21,970102,3029
2175,-80.9021,33.7524,45,17,950100,1011
2176,-83.1723,34.8497,45,73,30100,2044
2177,-79.8804,34.4573,45,31,10100,3028
2178,-81.6523,33.4735,45,3,22001,3010
2179,-81.8206,33.7574,45,37,970400,2001
2180,-81.8081,34.9054,45,83,23901,1031
2181,-80.703,34.3121,45,55,970401,4010
2182,-81.5816,33.8414,45,3,20100,3025
2183,-80.6328,34.2958,45,55,970500,5036
2184,-80.8852,34.8336,45,91,61203,2007
2185,-80.8927,33.5157,45,75,10902,4002
2186,-81.1996,35.0057,45,91,61506,2011
2187,-82.2967,34.645,45,45,3204,1002
2188,-81.3707,32.7492,45,49,920401,2041
2189,-81.1845,34.3904,45,39,960200,3027
2190,-79.3034,33.5093,45,43,920400,2033
2191,-82.7819,34.3962,45,7,12200,4002
2192,-79.3167,33.3703,45,43,920602,1029
2193,-80.8361,34.8635,45,57,11209,3030
2194,-80.5397,34.6144,45,57,10201,1044
2195,-81.6981,35.1215,45,21,970204,1024
2196,-82.4586,35.1293,45,45,4004,1018
2197,-81.8985,33.7794,45,37,970203,2036
2198,-80.8646,34.9072,45,57,11209,2035
2199,-81.8093,35.0625,45,83,22306,4037
2200,-82.0669,35.0832,45,83,22803,1037
2201,-82.7389,34.479,45,7,12002,1024
2202,-81.902541,34.169758,45,71,950700,1102
2203,-81.918021,34.172734,45,47,970701,2033
2204,-81.7678,33.4997,45,3,22003,3006
2205,-81.0857,34.9347,45,91,61404,1022
2206,-81.905128,34.172582,45,47,970701,2000
2207,-80.90859697,33.99297796,45,79,11502,1019
2208,-81.752222,34.613889,45,87,30700,3020
2209,-82.35402222,34.10290972,45,1,950500,4040
2210,-81.755278,34.609722,45,87,30700,3021
2211,-82.041667,33.7178,45,37,970201,2024
2212,-81.770833,34.596389,45,87,30700,3021
2213,-79.848889,33.162778,45,15,20401,2066
2214,-81.99,34.613889,45,59,920501,1032
2215,-82.8972,34.7912,45,73,30602,3011
2216,-80.0346,33.3969,45,15,20202,3060
2217,-81.456241,34.778665,45,87,30900,2057
2218,-82.9256,34.9553,45,73,30201,1006
2219,-81.599654,35.138937,45,21,970203,1009
2220,-81.45957,34.797422,45,87,30900,2019
2221,-80.8941,34.275,45,39,960302,2022
2222,-80.8898,34.59689,45,57,10400,1058
2223,-81.068635,34.033345,45,79,10502,1038
2224,-82.9108,34.7539,45,73,30602,3042
2225,-81.6045,35.1407,45,21,970203,1009
2226,-82.9472,34.9517,45,73,30201,1072
2227,-82.9125,34.7292,45,73,30602,3042
2229,-79.9704,33.3643,45,15,20303,1006
2230,-81.222921,34.066485,45,63,21115,1007
2231,-81.321331,34.300525,45,39,960100,2080
2232,-82.613306,34.25672,45,1,950300,2018
2233,-81.289853,34.300871,45,39,960100,2080
2234,-81.217333,34.053333,45,63,21115,1009
2235,-81.546823,35.06477,45,21,970403,2025
2236,-83.0111,35.0097,45,73,30201,1023
2237,-83.0244,35.0069,45,73,30201,1023
2238,-81.059719,34.01446,45,79,600,2047
2239,-82.9083,34.7458,45,73,30602,3042
2240,-80.1025,33.2652,45,15,20503,3003
2241,-81.458374,34.789883,45,87,30900,2021
2242,-80.8864,34.5774,45,23,21000,2024
2243,-81.216399,34.040018,45,63,21039,1022
2244,-82.9092,34.7497,45,73,30602,3042
2245,-82.9289,34.9533,45,73,30201,1006
2246,-82.885282,34.799515,45,77,10201,1025
2247,-81.333584,34.324645,45,39,960100,2024
2248,-82.9094,34.7511,45,73,30602,3006
2249,-81.325534,34.303367,45,39,960100,2049
2250,-80.8842,34.5726,45,23,21000,2025
2251,-80.8774,34.5418,45,39,960200,2000
2252,-82.447395,34.616967,45,45,3301,1025
2253,-81.327792,34.311399,45,39,960100,2058
2254,-81.52,33.235,45,11,980100,1039
2255,-81.31528,34.29833,45,39,960100,2049
2256,-81.8339,34.995155,45,83,22202,4009
2257,-80.700413,34.337595,45,55,970300,1036
2258,-81.746096,34.921684,45,83,23902,1013
2259,-81.737466,34.920395,45,83,23902,3001
2260,-81.5417,33.2689,45,11,980100,1027
2261,-82.4625,34.7014,45,7,10200,2002
2262,-80.883331,33.408337,45,75,11600,3024
2263,-79.9924,33.2437,45,15,20503,3017
2264,-82.9183,34.9606,45,77,10100,1048
2265,-80.94167003,34.00500004,45,79,11501,1081
2266,-81.333801,34.259862,45,71,950100,2032
2267,-80.891593,34.559373,45,23,21000,2024
2268,-82.00746,34.144468,45,47,970702,3017
2269,-81.547538,35.063909,45,21,970503,1025
2270,-80.8315506,33.99917043,45,79,980100,1049
2271,-81.6417,33.2811,45,11,980100,1051
2272,-81.4477,34.6653,45,87,30600,1000
2273,-82.610192,34.257614,45,1,950300,2018
2274,-80.78584542,34.07078155,45,79,980100,1003
2275,-81.5567,33.255,45,11,980100,1031
2276,-80.75248092,34.03634794,45,79,980100,1068
2277,-81.5467,33.2933,45,11,980100,1021
2278,-82.454846,34.643457,45,45,3301,1009
2279,-83.0181,35.0075,45,73,30201,1023
2280,-81.070767,34.033944,45,79,10413,2000
2281,-81.494581,35.030771,45,21,970503,1038
2282,-82.890001,34.799574,45,73,30602,3000
2283,-80.889807,34.601142,45,57,10400,1044
2284,-81.7417,33.1956,45,11,980100,1100
2285,-80.9307138,33.99925802,45,79,11502,1004
2286,-81.597713,35.137909,45,21,970401,1038
2287,-81.6322,33.16,45,11,980100,1147
2288,-81.0679,35.05191,45,91,61708,1001
2289,-80.81068461,34.09149441,45,79,980100,1002
2290,-81.0081,35.0211,45,91,61009,3021
2291,-81.2186,34.0528,45,63,21039,1023
2292,-81.45855,34.788749,45,87,30900,2008
2293,-80.1639,33.4544,45,15,20202,2021
2294,-82.244902,34.404066,45,47,970102,1065
2295,-83.341781,34.682059,45,73,30100,4033
2296,-81.585,33.255,45,11,980100,1044
2297,-79.930838,33.423656,45,15,20201,1000
2298,-79.934914,33.426678,45,15,20202,1012
2299,-80.7387,33.5598,45,17,950400,4005
2300,-80.7614,33.7509,45,17,950400,1002
2301,-81.8928,34.4104,45,59,920900,3018
2302,-79.4335,34.5282,45,33,970100,1037
2303,-82.4165,35.1221,45,45,4004,2030
2304,-80.6175,33.7031,45,17,950400,1037
2305,-80.21833,34.581665,45,25,950800,2005
2306,-81.7677,34.2712,45,71,950700,2010
2307,-80.9347,33.525,45,75,10902,2000
2308,-80.8097,34.6073,45,57,10300,4005
2309,-80.223335,34.573334,45,25,950800,2005
2310,-80.8872,33.5272,45,75,10902,3038
2311,-80.215828,34.553612,45,25,950800,2047
2312,-79.2611,34.3283,45,33,970500,1050
2313,-80.5911,34.2044,45,55,970700,1013
2314,-79.3205,34.0333,45,67,950700,2029
2315,-80.8916,32.3468,45,13,2202,1067
2316,-80.4737,34.0352,45,85,202,1013
2317,-81.0738,34.3949,45,39,960402,2002
2318,-80.1617,34.4167,45,31,10200,1014
2319,-80.9969,33.6025,45,75,12000,4016
2320,-79.6697,33.9426,45,41,1800,2020
2321,-80.7973,32.4491,45,13,300,3021
2322,-80.9577,34.1432,45,79,10105,2056
2323,-82.0414,33.7264,45,37,970201,2025
2324,-82.1412,34.3336,45,59,920202,3034
2325,-81.7868,33.4809,45,3,20903,1007
2326,-79.2771,33.2707,45,43,920701,1071
2327,-79.3423,34.0433,45,67,950700,2024
2328,-79.1224,34.1778,45,51,10100,3025
2329,-80.6138,33.6963,45,17,950400,1037
2330,-81.8171,34.3528,45,59,920900,3029
2331,-82.6802,34.223,45,1,950300,3036
2332,-82.4438,34.6052,45,7,10406,2001
2333,-80.1503,33.5323,45,27,960702,1039
2334,-83.124,34.635,45,73,31000,1000
2335,-81.6245,34.3357,45,71,950502,1002
2336,-80.872,34.927,45,91,61202,2002
2337,-81.8914,34.4487,45,59,920800,3057
2338,-79.9264,34.7431,45,25,950504,3003
2339,-78.9513,34.1399,45,51,20100,1030
2340,-79.9464,34.6571,45,25,950602,2014
2341,-80.8962,32.6781,45,49,920300,2043
2342,-80.4961,33.6518,45,27,960801,1007
2343,-80.7617,33.6437,45,17,950201,1053
2344,-79.8439,33.0355,45,15,20405,2030
2345,-80.26667,34.538334,45,25,950800,2044
2346,-80.5804,33.6451,45,17,950400,1054
2347,-80.3329,33.7983,45,85,1902,1008
2348,-81.8108,33.9893,45,81,960201,2001
2349,-80.1646,34.6864,45,25,950402,2087
2350,-80.258331,34.599998,45,25,950800,2010
2351,-81.6214,34.201,45,71,950700,3080
2352,-79.9844,33.5219,45,89,970700,3059
2353,-79.8623,32.8275,45,19,4622,2002
2354,-80.9617,33.4462,45,75,11600,4016
2355,-80.254997,34.603333,45,25,950200,2061
2356,-82.3199,34.7413,45,45,2905,1080
2357,-80.1829,34.3833,45,31,10400,4006
2358,-80.5296,34.5869,45,57,10201,2025
2359,-80.7573,33.6721,45,17,950201,1000
2360,-79.3547,34.4185,45,33,970301,3013
2361,-80.96,33.6774,45,17,950100,2018
2362,-80.236664,34.575001,45,25,950800,2015
2363,-80.9749,34.1347,45,79,10105,2035
2364,-80.8835,33.4085,45,75,11600,3024
2365,-80.5953,33.5848,45,17,950400,2011
2366,-80.2818,34.6297,45,25,950200,2016
2367,-81.3127,32.9957,45,5,970202,2009
2368,-82.4631,34.6836,45,7,10200,3024
2369,-81.0902,34.0122,45,63,20508,2001
2370,-80.581,33.6513,45,17,950400,1054
2371,-80.5688,33.6533,45,17,950400,1054
2372,-80.3075,33.2086,45,15,20102,2010
2373,-82.5811,35.0226,45,45,4102,1044
2374,-79.6555,34.7314,45,69,960400,1016
2375,-80.3281,33.8387,45,85,1902,2031
2376,-81.6031,34.3951,45,71,950201,1001
2377,-79.409,33.8652,45,41,1901,1007
2378,-80.877,34.934,45,91,61202,2001
2379,-81.1222,33.4801,45,75,11802,1002
2380,-82.3787,34.925,45,45,2701,1052
2381,-79.199,34.3579,45,33,970500,3000
2382,-80.9439,34.0645,45,79,11304,2012
2383,-80.174995,34.576664,45,25,950800,2005
2384,-79.3033,34.276,45,33,970602,3076
2385,-80.9616,33.6383,45,17,950100,2071
2386,-81.0829,34.9367,45,91,61404,1019
2387,-79.8356,34.6918,45,69,960100,4012
2388,-81.3453,33.5873,45,3,21800,2079
2389,-81.4368,35.0987,45,21,970404,1032
2390,-80.8642,32.5706,45,53,950204,1022
2391,-80.5275,33.7027,45,85,1801,2098
2392,-80.241661,34.616665,45,25,950200,2061
2393,-82.7602,34.6597,45,7,10702,3017
2394,-80.5816,33.6732,45,17,950400,1054
2395,-80.6217,33.7081,45,17,950400,1037
2396,-80.4371,34.8061,45,25,950101,2002
2397,-80.231667,34.571667,45,25,950800,2018
2398,-80.5118,34.0965,45,85,100,3004
2399,-80.8788,32.4385,45,53,950201,3027
2400,-82.4159,33.9517,45,65,920100,1073
2401,-82.7156,34.6978,45,7,10602,3025
2402,-81.0633,33.3767,45,75,11801,1075
2403,-79.0273,33.8613,45,51,70101,2018
2404,-80.7553,33.9579,45,79,11902,1015
2405,-80.7756,34.1524,45,55,970908,1000
2406,-80.224998,34.563332,45,25,950800,2008
2407,-82.9695,34.6352,45,73,30801,1034
2408,-79.73,34.295,45,31,11301,1004
2409,-79.7705,34.1382,45,41,1504,2017
2410,-79.8184,34.0484,45,41,1506,2010
2411,-80.238609,34.578888,45,25,950800,2015
2412,-81.1522,33.3628,45,9,960101,2024
2413,-80.25,34.606667,45,25,950200,2061
2414,-79.9647,34.6942,45,25,950503,2019
2415,-80.1517,34.6367,45,25,950701,3004
2416,-80.1592,34.1675,45,61,920100,2053
2417,-82.2073,35.0451,45,83,22702,3004
2418,-81.239,35.0873,45,91,61802,1051
2419,-81.4048,33.3668,45,11,970102,2046
2420,-79.3446,34.0673,45,67,950600,1043
2421,-82.4224,34.7204,45,45,3301,3014
2422,-80.737,34.3197,45,55,970401,4018
2423,-80.8446,34.9326,45,57,11208,1021
2424,-79.1614,34.0237,45,51,80101,2024
2425,-83.0206,34.6487,45,73,30904,1001
2426,-80.5132,33.911,45,85,1804,1075
2427,-82.5643,34.7909,45,77,10904,1040
2428,-80.0905,32.6129,45,19,2104,1031
2429,-80.218056,34.629444,45,25,950800,2002
2430,-80.7782,33.7514,45,17,950202,1001
2431,-80.7818,32.8097,45,29,970301,3059
2432,-80.003,34.4026,45,31,10200,4034
2433,-80.2028,34.0797,45,61,920302,1054
2434,-80.4515,34.0241,45,85,202,2009
2435,-79.7808,34.37,45,31,11302,2002
2436,-81.7139,35.084,45,21,970201,3021
2437,-82.85111787,34.68199176,45,73,30702,4052
2438,-82.85313166,34.67207257,45,73,30702,4053
2439,-82.84873,34.66689,45,73,30702,4054
2440,-79.93111821,33.42676007,45,15,20202,1012
